Copyright 1986-2022 Xilinx, Inc. All Rights Reserved. Copyright 2022-2025 Advanced Micro Devices, Inc. All Rights Reserved.
------------------------------------------------------------------------------------------------------------------------------------------------------------------------------------------------------------------------------------------------------------------------
| Tool Version : Vivado v.2025.2 (win64) Build 6299465 Fri Nov 14 19:35:11 GMT 2025
| Date         : Fri May 15 22:19:27 2026
| Host         : TI-INF running 64-bit major release  (build 9200)
| Command      : report_timing_summary -max_paths 10 -routable_nets -report_unconstrained -file array_multiplication_timing_summary_routed.rpt -pb array_multiplication_timing_summary_routed.pb -rpx array_multiplication_timing_summary_routed.rpx -warn_on_violation
| Design       : array_multiplication
| Device       : 7a35t-cpg236
| Speed File   : -1  PRODUCTION 1.23 2018-06-13
| Design State : Routed
------------------------------------------------------------------------------------------------------------------------------------------------------------------------------------------------------------------------------------------------------------------------

Timing Summary Report

------------------------------------------------------------------------------------------------
| Timer Settings
| --------------
------------------------------------------------------------------------------------------------

  Enable Multi Corner Analysis               :  Yes
  Enable Pessimism Removal                   :  Yes
  Pessimism Removal Resolution               :  Nearest Common Node
  Enable Input Delay Default Clock           :  No
  Enable Preset / Clear Arcs                 :  No
  Disable Flight Delays                      :  No
  Ignore I/O Paths                           :  No
  Timing Early Launch at Borrowing Latches   :  No
  Borrow Time for Max Delay Exceptions       :  Yes
  Merge Timing Exceptions                    :  Yes
  Inter-SLR Compensation                     :  Conservative

  Corner  Analyze    Analyze    
  Name    Max Paths  Min Paths  
  ------  ---------  ---------  
  Slow    Yes        Yes        
  Fast    Yes        Yes        


------------------------------------------------------------------------------------------------
| Report Methodology
| ------------------
------------------------------------------------------------------------------------------------

Rule       Severity  Description                    Violations  
---------  --------  -----------------------------  ----------  
TIMING-18  Warning   Missing input or output delay  33          

Note: This report is based on the most recent report_methodology run and may not be up-to-date. Run report_methodology on the current design for the latest report.



check_timing report

Table of Contents
-----------------
1. checking no_clock (0)
2. checking constant_clock (0)
3. checking pulse_width_clock (0)
4. checking unconstrained_internal_endpoints (0)
5. checking no_input_delay (17)
6. checking no_output_delay (16)
7. checking multiple_clock (0)
8. checking generated_clocks (0)
9. checking loops (0)
10. checking partial_input_delay (0)
11. checking partial_output_delay (0)
12. checking latch_loops (0)

1. checking no_clock (0)
------------------------
 There are 0 register/latch pins with no clock.


2. checking constant_clock (0)
------------------------------
 There are 0 register/latch pins with constant_clock.


3. checking pulse_width_clock (0)
---------------------------------
 There are 0 register/latch pins which need pulse_width check


4. checking unconstrained_internal_endpoints (0)
------------------------------------------------
 There are 0 pins that are not constrained for maximum delay.

 There are 0 pins that are not constrained for maximum delay due to constant clock.


5. checking no_input_delay (17)
-------------------------------
 There are 17 input ports with no input delay specified. (HIGH)

 There are 0 input ports with no input delay but user has a false path constraint.


6. checking no_output_delay (16)
--------------------------------
 There are 16 ports with no output delay specified. (HIGH)

 There are 0 ports with no output delay but user has a false path constraint

 There are 0 ports with no output delay but with a timing clock defined on it or propagating through it


7. checking multiple_clock (0)
------------------------------
 There are 0 register/latch pins with multiple clocks.


8. checking generated_clocks (0)
--------------------------------
 There are 0 generated clocks that are not connected to a clock source.


9. checking loops (0)
---------------------
 There are 0 combinational loops in the design.


10. checking partial_input_delay (0)
------------------------------------
 There are 0 input ports with partial input delay specified.


11. checking partial_output_delay (0)
-------------------------------------
 There are 0 ports with partial output delay specified.


12. checking latch_loops (0)
----------------------------
 There are 0 combinational latch loops in the design through latch input



------------------------------------------------------------------------------------------------
| Design Timing Summary
| ---------------------
------------------------------------------------------------------------------------------------

    WNS(ns)      TNS(ns)  TNS Failing Endpoints  TNS Total Endpoints      WHS(ns)      THS(ns)  THS Failing Endpoints  THS Total Endpoints     WPWS(ns)     TPWS(ns)  TPWS Failing Endpoints  TPWS Total Endpoints  
    -------      -------  ---------------------  -------------------      -------      -------  ---------------------  -------------------     --------     --------  ----------------------  --------------------  
      4.503        0.000                      0                   19        0.230        0.000                      0                   19        4.500        0.000                       0                    20  


All user specified timing constraints are met.


------------------------------------------------------------------------------------------------
| Clock Summary
| -------------
------------------------------------------------------------------------------------------------

Clock        Waveform(ns)       Period(ns)      Frequency(MHz)
-----        ------------       ----------      --------------
sys_clk_pin  {0.000 5.000}      10.000          100.000         


------------------------------------------------------------------------------------------------
| Intra Clock Table
| -----------------
------------------------------------------------------------------------------------------------

Clock             WNS(ns)      TNS(ns)  TNS Failing Endpoints  TNS Total Endpoints      WHS(ns)      THS(ns)  THS Failing Endpoints  THS Total Endpoints     WPWS(ns)     TPWS(ns)  TPWS Failing Endpoints  TPWS Total Endpoints  
-----             -------      -------  ---------------------  -------------------      -------      -------  ---------------------  -------------------     --------     --------  ----------------------  --------------------  
sys_clk_pin         4.503        0.000                      0                   19        0.230        0.000                      0                   19        4.500        0.000                       0                    20  


------------------------------------------------------------------------------------------------
| Inter Clock Table
| -----------------
------------------------------------------------------------------------------------------------

From Clock    To Clock          WNS(ns)      TNS(ns)  TNS Failing Endpoints  TNS Total Endpoints      WHS(ns)      THS(ns)  THS Failing Endpoints  THS Total Endpoints  
----------    --------          -------      -------  ---------------------  -------------------      -------      -------  ---------------------  -------------------  


------------------------------------------------------------------------------------------------
| Other Path Groups Table
| -----------------------
------------------------------------------------------------------------------------------------

Path Group    From Clock    To Clock          WNS(ns)      TNS(ns)  TNS Failing Endpoints  TNS Total Endpoints      WHS(ns)      THS(ns)  THS Failing Endpoints  THS Total Endpoints  
----------    ----------    --------          -------      -------  ---------------------  -------------------      -------      -------  ---------------------  -------------------  


------------------------------------------------------------------------------------------------
| User Ignored Path Table
| -----------------------
------------------------------------------------------------------------------------------------

Path Group    From Clock    To Clock    
----------    ----------    --------    


------------------------------------------------------------------------------------------------
| Unconstrained Path Table
| ------------------------
------------------------------------------------------------------------------------------------

Path Group    From Clock    To Clock    
----------    ----------    --------    
(none)        sys_clk_pin                 
(none)                      sys_clk_pin   


------------------------------------------------------------------------------------------------
| Timing Details
| --------------
------------------------------------------------------------------------------------------------


---------------------------------------------------------------------------------------------------
From Clock:  sys_clk_pin
  To Clock:  sys_clk_pin

Setup :            0  Failing Endpoints,  Worst Slack        4.503ns,  Total Violation        0.000ns
Hold  :            0  Failing Endpoints,  Worst Slack        0.230ns,  Total Violation        0.000ns
PW    :            0  Failing Endpoints,  Worst Slack        4.500ns,  Total Violation        0.000ns
---------------------------------------------------------------------------------------------------


Max Delay Paths
--------------------------------------------------------------------------------------
Slack (MET) :             4.503ns  (required time - arrival time)
  Source:                 n_reg[1]/C
                            (rising edge-triggered cell FDCE clocked by sys_clk_pin  {rise@0.000ns fall@5.000ns period=10.000ns})
  Destination:            output_array_reg[13]/D
                            (rising edge-triggered cell FDCE clocked by sys_clk_pin  {rise@0.000ns fall@5.000ns period=10.000ns})
  Path Group:             sys_clk_pin
  Path Type:              Setup (Max at Slow Process Corner)
  Requirement:            10.000ns  (sys_clk_pin rise@10.000ns - sys_clk_pin rise@0.000ns)
  Data Path Delay:        5.502ns  (logic 1.612ns (29.299%)  route 3.890ns (70.701%))
  Logic Levels:           5  (CARRY4=3 LUT6=2)
  Clock Path Skew:        -0.022ns (DCD - SCD + CPR)
    Destination Clock Delay (DCD):    4.845ns = ( 14.845 - 10.000 ) 
    Source Clock Delay      (SCD):    5.141ns
    Clock Pessimism Removal (CPR):    0.274ns
  Clock Uncertainty:      0.035ns  ((TSJ^2 + TIJ^2)^1/2 + DJ) / 2 + PE
    Total System Jitter     (TSJ):    0.071ns
    Total Input Jitter      (TIJ):    0.000ns
    Discrete Jitter          (DJ):    0.000ns
    Phase Error              (PE):    0.000ns

    Location             Delay type                Incr(ns)  Path(ns)    Netlist Resource(s)
  -------------------------------------------------------------------    -------------------
                         (clock sys_clk_pin rise edge)
                                                      0.000     0.000 r  
    W5                                                0.000     0.000 r  clk (IN)
                         net (fo=0)                   0.000     0.000    clk
    W5                   IBUF (Prop_ibuf_I_O)         1.458     1.458 r  clk_IBUF_inst/O
                         net (fo=1, routed)           1.967     3.425    clk_IBUF
    BUFGCTRL_X0Y0        BUFG (Prop_bufg_I_O)         0.096     3.521 r  clk_IBUF_BUFG_inst/O
                         net (fo=19, routed)          1.620     5.141    clk_IBUF_BUFG
    SLICE_X2Y23          FDCE                                         r  n_reg[1]/C
  -------------------------------------------------------------------    -------------------
    SLICE_X2Y23          FDCE (Prop_fdce_C_Q)         0.518     5.659 r  n_reg[1]/Q
                         net (fo=15, routed)          1.745     7.405    n[1]
    SLICE_X32Y29         LUT6 (Prop_lut6_I2_O)        0.124     7.529 r  output_array[0]_i_6/O
                         net (fo=11, routed)          2.145     9.673    output_array[0]_i_6_n_0
    SLICE_X1Y21          LUT6 (Prop_lut6_I2_O)        0.124     9.797 r  output_array[4]_i_3/O
                         net (fo=1, routed)           0.000     9.797    output_array[4]_i_3_n_0
    SLICE_X1Y21          CARRY4 (Prop_carry4_S[2]_CO[3])
                                                      0.398    10.195 r  output_array_reg[4]_i_1/CO[3]
                         net (fo=1, routed)           0.000    10.195    output_array_reg[4]_i_1_n_0
    SLICE_X1Y22          CARRY4 (Prop_carry4_CI_CO[3])
                                                      0.114    10.309 r  output_array_reg[8]_i_1/CO[3]
                         net (fo=1, routed)           0.000    10.309    output_array_reg[8]_i_1_n_0
    SLICE_X1Y23          CARRY4 (Prop_carry4_CI_O[1])
                                                      0.334    10.643 r  output_array_reg[12]_i_1/O[1]
                         net (fo=1, routed)           0.000    10.643    output_array_reg[12]_i_1_n_6
    SLICE_X1Y23          FDCE                                         r  output_array_reg[13]/D
  -------------------------------------------------------------------    -------------------

                         (clock sys_clk_pin rise edge)
                                                     10.000    10.000 r  
    W5                                                0.000    10.000 r  clk (IN)
                         net (fo=0)                   0.000    10.000    clk
    W5                   IBUF (Prop_ibuf_I_O)         1.388    11.388 r  clk_IBUF_inst/O
                         net (fo=1, routed)           1.862    13.250    clk_IBUF
    BUFGCTRL_X0Y0        BUFG (Prop_bufg_I_O)         0.091    13.341 r  clk_IBUF_BUFG_inst/O
                         net (fo=19, routed)          1.504    14.845    clk_IBUF_BUFG
    SLICE_X1Y23          FDCE                                         r  output_array_reg[13]/C
                         clock pessimism              0.274    15.119    
                         clock uncertainty           -0.035    15.084    
    SLICE_X1Y23          FDCE (Setup_fdce_C_D)        0.062    15.146    output_array_reg[13]
  -------------------------------------------------------------------
                         required time                         15.146    
                         arrival time                         -10.643    
  -------------------------------------------------------------------
                         slack                                  4.503    

Slack (MET) :             4.524ns  (required time - arrival time)
  Source:                 n_reg[1]/C
                            (rising edge-triggered cell FDCE clocked by sys_clk_pin  {rise@0.000ns fall@5.000ns period=10.000ns})
  Destination:            output_array_reg[15]/D
                            (rising edge-triggered cell FDCE clocked by sys_clk_pin  {rise@0.000ns fall@5.000ns period=10.000ns})
  Path Group:             sys_clk_pin
  Path Type:              Setup (Max at Slow Process Corner)
  Requirement:            10.000ns  (sys_clk_pin rise@10.000ns - sys_clk_pin rise@0.000ns)
  Data Path Delay:        5.481ns  (logic 1.591ns (29.028%)  route 3.890ns (70.972%))
  Logic Levels:           5  (CARRY4=3 LUT6=2)
  Clock Path Skew:        -0.022ns (DCD - SCD + CPR)
    Destination Clock Delay (DCD):    4.845ns = ( 14.845 - 10.000 ) 
    Source Clock Delay      (SCD):    5.141ns
    Clock Pessimism Removal (CPR):    0.274ns
  Clock Uncertainty:      0.035ns  ((TSJ^2 + TIJ^2)^1/2 + DJ) / 2 + PE
    Total System Jitter     (TSJ):    0.071ns
    Total Input Jitter      (TIJ):    0.000ns
    Discrete Jitter          (DJ):    0.000ns
    Phase Error              (PE):    0.000ns

    Location             Delay type                Incr(ns)  Path(ns)    Netlist Resource(s)
  -------------------------------------------------------------------    -------------------
                         (clock sys_clk_pin rise edge)
                                                      0.000     0.000 r  
    W5                                                0.000     0.000 r  clk (IN)
                         net (fo=0)                   0.000     0.000    clk
    W5                   IBUF (Prop_ibuf_I_O)         1.458     1.458 r  clk_IBUF_inst/O
                         net (fo=1, routed)           1.967     3.425    clk_IBUF
    BUFGCTRL_X0Y0        BUFG (Prop_bufg_I_O)         0.096     3.521 r  clk_IBUF_BUFG_inst/O
                         net (fo=19, routed)          1.620     5.141    clk_IBUF_BUFG
    SLICE_X2Y23          FDCE                                         r  n_reg[1]/C
  -------------------------------------------------------------------    -------------------
    SLICE_X2Y23          FDCE (Prop_fdce_C_Q)         0.518     5.659 r  n_reg[1]/Q
                         net (fo=15, routed)          1.745     7.405    n[1]
    SLICE_X32Y29         LUT6 (Prop_lut6_I2_O)        0.124     7.529 r  output_array[0]_i_6/O
                         net (fo=11, routed)          2.145     9.673    output_array[0]_i_6_n_0
    SLICE_X1Y21          LUT6 (Prop_lut6_I2_O)        0.124     9.797 r  output_array[4]_i_3/O
                         net (fo=1, routed)           0.000     9.797    output_array[4]_i_3_n_0
    SLICE_X1Y21          CARRY4 (Prop_carry4_S[2]_CO[3])
                                                      0.398    10.195 r  output_array_reg[4]_i_1/CO[3]
                         net (fo=1, routed)           0.000    10.195    output_array_reg[4]_i_1_n_0
    SLICE_X1Y22          CARRY4 (Prop_carry4_CI_CO[3])
                                                      0.114    10.309 r  output_array_reg[8]_i_1/CO[3]
                         net (fo=1, routed)           0.000    10.309    output_array_reg[8]_i_1_n_0
    SLICE_X1Y23          CARRY4 (Prop_carry4_CI_O[3])
                                                      0.313    10.622 r  output_array_reg[12]_i_1/O[3]
                         net (fo=1, routed)           0.000    10.622    output_array_reg[12]_i_1_n_4
    SLICE_X1Y23          FDCE                                         r  output_array_reg[15]/D
  -------------------------------------------------------------------    -------------------

                         (clock sys_clk_pin rise edge)
                                                     10.000    10.000 r  
    W5                                                0.000    10.000 r  clk (IN)
                         net (fo=0)                   0.000    10.000    clk
    W5                   IBUF (Prop_ibuf_I_O)         1.388    11.388 r  clk_IBUF_inst/O
                         net (fo=1, routed)           1.862    13.250    clk_IBUF
    BUFGCTRL_X0Y0        BUFG (Prop_bufg_I_O)         0.091    13.341 r  clk_IBUF_BUFG_inst/O
                         net (fo=19, routed)          1.504    14.845    clk_IBUF_BUFG
    SLICE_X1Y23          FDCE                                         r  output_array_reg[15]/C
                         clock pessimism              0.274    15.119    
                         clock uncertainty           -0.035    15.084    
    SLICE_X1Y23          FDCE (Setup_fdce_C_D)        0.062    15.146    output_array_reg[15]
  -------------------------------------------------------------------
                         required time                         15.146    
                         arrival time                         -10.622    
  -------------------------------------------------------------------
                         slack                                  4.524    

Slack (MET) :             4.598ns  (required time - arrival time)
  Source:                 n_reg[1]/C
                            (rising edge-triggered cell FDCE clocked by sys_clk_pin  {rise@0.000ns fall@5.000ns period=10.000ns})
  Destination:            output_array_reg[14]/D
                            (rising edge-triggered cell FDCE clocked by sys_clk_pin  {rise@0.000ns fall@5.000ns period=10.000ns})
  Path Group:             sys_clk_pin
  Path Type:              Setup (Max at Slow Process Corner)
  Requirement:            10.000ns  (sys_clk_pin rise@10.000ns - sys_clk_pin rise@0.000ns)
  Data Path Delay:        5.407ns  (logic 1.517ns (28.057%)  route 3.890ns (71.943%))
  Logic Levels:           5  (CARRY4=3 LUT6=2)
  Clock Path Skew:        -0.022ns (DCD - SCD + CPR)
    Destination Clock Delay (DCD):    4.845ns = ( 14.845 - 10.000 ) 
    Source Clock Delay      (SCD):    5.141ns
    Clock Pessimism Removal (CPR):    0.274ns
  Clock Uncertainty:      0.035ns  ((TSJ^2 + TIJ^2)^1/2 + DJ) / 2 + PE
    Total System Jitter     (TSJ):    0.071ns
    Total Input Jitter      (TIJ):    0.000ns
    Discrete Jitter          (DJ):    0.000ns
    Phase Error              (PE):    0.000ns

    Location             Delay type                Incr(ns)  Path(ns)    Netlist Resource(s)
  -------------------------------------------------------------------    -------------------
                         (clock sys_clk_pin rise edge)
                                                      0.000     0.000 r  
    W5                                                0.000     0.000 r  clk (IN)
                         net (fo=0)                   0.000     0.000    clk
    W5                   IBUF (Prop_ibuf_I_O)         1.458     1.458 r  clk_IBUF_inst/O
                         net (fo=1, routed)           1.967     3.425    clk_IBUF
    BUFGCTRL_X0Y0        BUFG (Prop_bufg_I_O)         0.096     3.521 r  clk_IBUF_BUFG_inst/O
                         net (fo=19, routed)          1.620     5.141    clk_IBUF_BUFG
    SLICE_X2Y23          FDCE                                         r  n_reg[1]/C
  -------------------------------------------------------------------    -------------------
    SLICE_X2Y23          FDCE (Prop_fdce_C_Q)         0.518     5.659 r  n_reg[1]/Q
                         net (fo=15, routed)          1.745     7.405    n[1]
    SLICE_X32Y29         LUT6 (Prop_lut6_I2_O)        0.124     7.529 r  output_array[0]_i_6/O
                         net (fo=11, routed)          2.145     9.673    output_array[0]_i_6_n_0
    SLICE_X1Y21          LUT6 (Prop_lut6_I2_O)        0.124     9.797 r  output_array[4]_i_3/O
                         net (fo=1, routed)           0.000     9.797    output_array[4]_i_3_n_0
    SLICE_X1Y21          CARRY4 (Prop_carry4_S[2]_CO[3])
                                                      0.398    10.195 r  output_array_reg[4]_i_1/CO[3]
                         net (fo=1, routed)           0.000    10.195    output_array_reg[4]_i_1_n_0
    SLICE_X1Y22          CARRY4 (Prop_carry4_CI_CO[3])
                                                      0.114    10.309 r  output_array_reg[8]_i_1/CO[3]
                         net (fo=1, routed)           0.000    10.309    output_array_reg[8]_i_1_n_0
    SLICE_X1Y23          CARRY4 (Prop_carry4_CI_O[2])
                                                      0.239    10.548 r  output_array_reg[12]_i_1/O[2]
                         net (fo=1, routed)           0.000    10.548    output_array_reg[12]_i_1_n_5
    SLICE_X1Y23          FDCE                                         r  output_array_reg[14]/D
  -------------------------------------------------------------------    -------------------

                         (clock sys_clk_pin rise edge)
                                                     10.000    10.000 r  
    W5                                                0.000    10.000 r  clk (IN)
                         net (fo=0)                   0.000    10.000    clk
    W5                   IBUF (Prop_ibuf_I_O)         1.388    11.388 r  clk_IBUF_inst/O
                         net (fo=1, routed)           1.862    13.250    clk_IBUF
    BUFGCTRL_X0Y0        BUFG (Prop_bufg_I_O)         0.091    13.341 r  clk_IBUF_BUFG_inst/O
                         net (fo=19, routed)          1.504    14.845    clk_IBUF_BUFG
    SLICE_X1Y23          FDCE                                         r  output_array_reg[14]/C
                         clock pessimism              0.274    15.119    
                         clock uncertainty           -0.035    15.084    
    SLICE_X1Y23          FDCE (Setup_fdce_C_D)        0.062    15.146    output_array_reg[14]
  -------------------------------------------------------------------
                         required time                         15.146    
                         arrival time                         -10.548    
  -------------------------------------------------------------------
                         slack                                  4.598    

Slack (MET) :             4.614ns  (required time - arrival time)
  Source:                 n_reg[1]/C
                            (rising edge-triggered cell FDCE clocked by sys_clk_pin  {rise@0.000ns fall@5.000ns period=10.000ns})
  Destination:            output_array_reg[12]/D
                            (rising edge-triggered cell FDCE clocked by sys_clk_pin  {rise@0.000ns fall@5.000ns period=10.000ns})
  Path Group:             sys_clk_pin
  Path Type:              Setup (Max at Slow Process Corner)
  Requirement:            10.000ns  (sys_clk_pin rise@10.000ns - sys_clk_pin rise@0.000ns)
  Data Path Delay:        5.391ns  (logic 1.501ns (27.844%)  route 3.890ns (72.156%))
  Logic Levels:           5  (CARRY4=3 LUT6=2)
  Clock Path Skew:        -0.022ns (DCD - SCD + CPR)
    Destination Clock Delay (DCD):    4.845ns = ( 14.845 - 10.000 ) 
    Source Clock Delay      (SCD):    5.141ns
    Clock Pessimism Removal (CPR):    0.274ns
  Clock Uncertainty:      0.035ns  ((TSJ^2 + TIJ^2)^1/2 + DJ) / 2 + PE
    Total System Jitter     (TSJ):    0.071ns
    Total Input Jitter      (TIJ):    0.000ns
    Discrete Jitter          (DJ):    0.000ns
    Phase Error              (PE):    0.000ns

    Location             Delay type                Incr(ns)  Path(ns)    Netlist Resource(s)
  -------------------------------------------------------------------    -------------------
                         (clock sys_clk_pin rise edge)
                                                      0.000     0.000 r  
    W5                                                0.000     0.000 r  clk (IN)
                         net (fo=0)                   0.000     0.000    clk
    W5                   IBUF (Prop_ibuf_I_O)         1.458     1.458 r  clk_IBUF_inst/O
                         net (fo=1, routed)           1.967     3.425    clk_IBUF
    BUFGCTRL_X0Y0        BUFG (Prop_bufg_I_O)         0.096     3.521 r  clk_IBUF_BUFG_inst/O
                         net (fo=19, routed)          1.620     5.141    clk_IBUF_BUFG
    SLICE_X2Y23          FDCE                                         r  n_reg[1]/C
  -------------------------------------------------------------------    -------------------
    SLICE_X2Y23          FDCE (Prop_fdce_C_Q)         0.518     5.659 r  n_reg[1]/Q
                         net (fo=15, routed)          1.745     7.405    n[1]
    SLICE_X32Y29         LUT6 (Prop_lut6_I2_O)        0.124     7.529 r  output_array[0]_i_6/O
                         net (fo=11, routed)          2.145     9.673    output_array[0]_i_6_n_0
    SLICE_X1Y21          LUT6 (Prop_lut6_I2_O)        0.124     9.797 r  output_array[4]_i_3/O
                         net (fo=1, routed)           0.000     9.797    output_array[4]_i_3_n_0
    SLICE_X1Y21          CARRY4 (Prop_carry4_S[2]_CO[3])
                                                      0.398    10.195 r  output_array_reg[4]_i_1/CO[3]
                         net (fo=1, routed)           0.000    10.195    output_array_reg[4]_i_1_n_0
    SLICE_X1Y22          CARRY4 (Prop_carry4_CI_CO[3])
                                                      0.114    10.309 r  output_array_reg[8]_i_1/CO[3]
                         net (fo=1, routed)           0.000    10.309    output_array_reg[8]_i_1_n_0
    SLICE_X1Y23          CARRY4 (Prop_carry4_CI_O[0])
                                                      0.223    10.532 r  output_array_reg[12]_i_1/O[0]
                         net (fo=1, routed)           0.000    10.532    output_array_reg[12]_i_1_n_7
    SLICE_X1Y23          FDCE                                         r  output_array_reg[12]/D
  -------------------------------------------------------------------    -------------------

                         (clock sys_clk_pin rise edge)
                                                     10.000    10.000 r  
    W5                                                0.000    10.000 r  clk (IN)
                         net (fo=0)                   0.000    10.000    clk
    W5                   IBUF (Prop_ibuf_I_O)         1.388    11.388 r  clk_IBUF_inst/O
                         net (fo=1, routed)           1.862    13.250    clk_IBUF
    BUFGCTRL_X0Y0        BUFG (Prop_bufg_I_O)         0.091    13.341 r  clk_IBUF_BUFG_inst/O
                         net (fo=19, routed)          1.504    14.845    clk_IBUF_BUFG
    SLICE_X1Y23          FDCE                                         r  output_array_reg[12]/C
                         clock pessimism              0.274    15.119    
                         clock uncertainty           -0.035    15.084    
    SLICE_X1Y23          FDCE (Setup_fdce_C_D)        0.062    15.146    output_array_reg[12]
  -------------------------------------------------------------------
                         required time                         15.146    
                         arrival time                         -10.532    
  -------------------------------------------------------------------
                         slack                                  4.614    

Slack (MET) :             4.618ns  (required time - arrival time)
  Source:                 n_reg[1]/C
                            (rising edge-triggered cell FDCE clocked by sys_clk_pin  {rise@0.000ns fall@5.000ns period=10.000ns})
  Destination:            output_array_reg[9]/D
                            (rising edge-triggered cell FDCE clocked by sys_clk_pin  {rise@0.000ns fall@5.000ns period=10.000ns})
  Path Group:             sys_clk_pin
  Path Type:              Setup (Max at Slow Process Corner)
  Requirement:            10.000ns  (sys_clk_pin rise@10.000ns - sys_clk_pin rise@0.000ns)
  Data Path Delay:        5.388ns  (logic 1.498ns (27.803%)  route 3.890ns (72.197%))
  Logic Levels:           4  (CARRY4=2 LUT6=2)
  Clock Path Skew:        -0.021ns (DCD - SCD + CPR)
    Destination Clock Delay (DCD):    4.846ns = ( 14.846 - 10.000 ) 
    Source Clock Delay      (SCD):    5.141ns
    Clock Pessimism Removal (CPR):    0.274ns
  Clock Uncertainty:      0.035ns  ((TSJ^2 + TIJ^2)^1/2 + DJ) / 2 + PE
    Total System Jitter     (TSJ):    0.071ns
    Total Input Jitter      (TIJ):    0.000ns
    Discrete Jitter          (DJ):    0.000ns
    Phase Error              (PE):    0.000ns

    Location             Delay type                Incr(ns)  Path(ns)    Netlist Resource(s)
  -------------------------------------------------------------------    -------------------
                         (clock sys_clk_pin rise edge)
                                                      0.000     0.000 r  
    W5                                                0.000     0.000 r  clk (IN)
                         net (fo=0)                   0.000     0.000    clk
    W5                   IBUF (Prop_ibuf_I_O)         1.458     1.458 r  clk_IBUF_inst/O
                         net (fo=1, routed)           1.967     3.425    clk_IBUF
    BUFGCTRL_X0Y0        BUFG (Prop_bufg_I_O)         0.096     3.521 r  clk_IBUF_BUFG_inst/O
                         net (fo=19, routed)          1.620     5.141    clk_IBUF_BUFG
    SLICE_X2Y23          FDCE                                         r  n_reg[1]/C
  -------------------------------------------------------------------    -------------------
    SLICE_X2Y23          FDCE (Prop_fdce_C_Q)         0.518     5.659 r  n_reg[1]/Q
                         net (fo=15, routed)          1.745     7.405    n[1]
    SLICE_X32Y29         LUT6 (Prop_lut6_I2_O)        0.124     7.529 r  output_array[0]_i_6/O
                         net (fo=11, routed)          2.145     9.673    output_array[0]_i_6_n_0
    SLICE_X1Y21          LUT6 (Prop_lut6_I2_O)        0.124     9.797 r  output_array[4]_i_3/O
                         net (fo=1, routed)           0.000     9.797    output_array[4]_i_3_n_0
    SLICE_X1Y21          CARRY4 (Prop_carry4_S[2]_CO[3])
                                                      0.398    10.195 r  output_array_reg[4]_i_1/CO[3]
                         net (fo=1, routed)           0.000    10.195    output_array_reg[4]_i_1_n_0
    SLICE_X1Y22          CARRY4 (Prop_carry4_CI_O[1])
                                                      0.334    10.529 r  output_array_reg[8]_i_1/O[1]
                         net (fo=1, routed)           0.000    10.529    output_array_reg[8]_i_1_n_6
    SLICE_X1Y22          FDCE                                         r  output_array_reg[9]/D
  -------------------------------------------------------------------    -------------------

                         (clock sys_clk_pin rise edge)
                                                     10.000    10.000 r  
    W5                                                0.000    10.000 r  clk (IN)
                         net (fo=0)                   0.000    10.000    clk
    W5                   IBUF (Prop_ibuf_I_O)         1.388    11.388 r  clk_IBUF_inst/O
                         net (fo=1, routed)           1.862    13.250    clk_IBUF
    BUFGCTRL_X0Y0        BUFG (Prop_bufg_I_O)         0.091    13.341 r  clk_IBUF_BUFG_inst/O
                         net (fo=19, routed)          1.505    14.846    clk_IBUF_BUFG
    SLICE_X1Y22          FDCE                                         r  output_array_reg[9]/C
                         clock pessimism              0.274    15.120    
                         clock uncertainty           -0.035    15.085    
    SLICE_X1Y22          FDCE (Setup_fdce_C_D)        0.062    15.147    output_array_reg[9]
  -------------------------------------------------------------------
                         required time                         15.147    
                         arrival time                         -10.529    
  -------------------------------------------------------------------
                         slack                                  4.618    

Slack (MET) :             4.639ns  (required time - arrival time)
  Source:                 n_reg[1]/C
                            (rising edge-triggered cell FDCE clocked by sys_clk_pin  {rise@0.000ns fall@5.000ns period=10.000ns})
  Destination:            output_array_reg[11]/D
                            (rising edge-triggered cell FDCE clocked by sys_clk_pin  {rise@0.000ns fall@5.000ns period=10.000ns})
  Path Group:             sys_clk_pin
  Path Type:              Setup (Max at Slow Process Corner)
  Requirement:            10.000ns  (sys_clk_pin rise@10.000ns - sys_clk_pin rise@0.000ns)
  Data Path Delay:        5.367ns  (logic 1.477ns (27.521%)  route 3.890ns (72.479%))
  Logic Levels:           4  (CARRY4=2 LUT6=2)
  Clock Path Skew:        -0.021ns (DCD - SCD + CPR)
    Destination Clock Delay (DCD):    4.846ns = ( 14.846 - 10.000 ) 
    Source Clock Delay      (SCD):    5.141ns
    Clock Pessimism Removal (CPR):    0.274ns
  Clock Uncertainty:      0.035ns  ((TSJ^2 + TIJ^2)^1/2 + DJ) / 2 + PE
    Total System Jitter     (TSJ):    0.071ns
    Total Input Jitter      (TIJ):    0.000ns
    Discrete Jitter          (DJ):    0.000ns
    Phase Error              (PE):    0.000ns

    Location             Delay type                Incr(ns)  Path(ns)    Netlist Resource(s)
  -------------------------------------------------------------------    -------------------
                         (clock sys_clk_pin rise edge)
                                                      0.000     0.000 r  
    W5                                                0.000     0.000 r  clk (IN)
                         net (fo=0)                   0.000     0.000    clk
    W5                   IBUF (Prop_ibuf_I_O)         1.458     1.458 r  clk_IBUF_inst/O
                         net (fo=1, routed)           1.967     3.425    clk_IBUF
    BUFGCTRL_X0Y0        BUFG (Prop_bufg_I_O)         0.096     3.521 r  clk_IBUF_BUFG_inst/O
                         net (fo=19, routed)          1.620     5.141    clk_IBUF_BUFG
    SLICE_X2Y23          FDCE                                         r  n_reg[1]/C
  -------------------------------------------------------------------    -------------------
    SLICE_X2Y23          FDCE (Prop_fdce_C_Q)         0.518     5.659 r  n_reg[1]/Q
                         net (fo=15, routed)          1.745     7.405    n[1]
    SLICE_X32Y29         LUT6 (Prop_lut6_I2_O)        0.124     7.529 r  output_array[0]_i_6/O
                         net (fo=11, routed)          2.145     9.673    output_array[0]_i_6_n_0
    SLICE_X1Y21          LUT6 (Prop_lut6_I2_O)        0.124     9.797 r  output_array[4]_i_3/O
                         net (fo=1, routed)           0.000     9.797    output_array[4]_i_3_n_0
    SLICE_X1Y21          CARRY4 (Prop_carry4_S[2]_CO[3])
                                                      0.398    10.195 r  output_array_reg[4]_i_1/CO[3]
                         net (fo=1, routed)           0.000    10.195    output_array_reg[4]_i_1_n_0
    SLICE_X1Y22          CARRY4 (Prop_carry4_CI_O[3])
                                                      0.313    10.508 r  output_array_reg[8]_i_1/O[3]
                         net (fo=1, routed)           0.000    10.508    output_array_reg[8]_i_1_n_4
    SLICE_X1Y22          FDCE                                         r  output_array_reg[11]/D
  -------------------------------------------------------------------    -------------------

                         (clock sys_clk_pin rise edge)
                                                     10.000    10.000 r  
    W5                                                0.000    10.000 r  clk (IN)
                         net (fo=0)                   0.000    10.000    clk
    W5                   IBUF (Prop_ibuf_I_O)         1.388    11.388 r  clk_IBUF_inst/O
                         net (fo=1, routed)           1.862    13.250    clk_IBUF
    BUFGCTRL_X0Y0        BUFG (Prop_bufg_I_O)         0.091    13.341 r  clk_IBUF_BUFG_inst/O
                         net (fo=19, routed)          1.505    14.846    clk_IBUF_BUFG
    SLICE_X1Y22          FDCE                                         r  output_array_reg[11]/C
                         clock pessimism              0.274    15.120    
                         clock uncertainty           -0.035    15.085    
    SLICE_X1Y22          FDCE (Setup_fdce_C_D)        0.062    15.147    output_array_reg[11]
  -------------------------------------------------------------------
                         required time                         15.147    
                         arrival time                         -10.508    
  -------------------------------------------------------------------
                         slack                                  4.639    

Slack (MET) :             4.713ns  (required time - arrival time)
  Source:                 n_reg[1]/C
                            (rising edge-triggered cell FDCE clocked by sys_clk_pin  {rise@0.000ns fall@5.000ns period=10.000ns})
  Destination:            output_array_reg[10]/D
                            (rising edge-triggered cell FDCE clocked by sys_clk_pin  {rise@0.000ns fall@5.000ns period=10.000ns})
  Path Group:             sys_clk_pin
  Path Type:              Setup (Max at Slow Process Corner)
  Requirement:            10.000ns  (sys_clk_pin rise@10.000ns - sys_clk_pin rise@0.000ns)
  Data Path Delay:        5.293ns  (logic 1.403ns (26.508%)  route 3.890ns (73.492%))
  Logic Levels:           4  (CARRY4=2 LUT6=2)
  Clock Path Skew:        -0.021ns (DCD - SCD + CPR)
    Destination Clock Delay (DCD):    4.846ns = ( 14.846 - 10.000 ) 
    Source Clock Delay      (SCD):    5.141ns
    Clock Pessimism Removal (CPR):    0.274ns
  Clock Uncertainty:      0.035ns  ((TSJ^2 + TIJ^2)^1/2 + DJ) / 2 + PE
    Total System Jitter     (TSJ):    0.071ns
    Total Input Jitter      (TIJ):    0.000ns
    Discrete Jitter          (DJ):    0.000ns
    Phase Error              (PE):    0.000ns

    Location             Delay type                Incr(ns)  Path(ns)    Netlist Resource(s)
  -------------------------------------------------------------------    -------------------
                         (clock sys_clk_pin rise edge)
                                                      0.000     0.000 r  
    W5                                                0.000     0.000 r  clk (IN)
                         net (fo=0)                   0.000     0.000    clk
    W5                   IBUF (Prop_ibuf_I_O)         1.458     1.458 r  clk_IBUF_inst/O
                         net (fo=1, routed)           1.967     3.425    clk_IBUF
    BUFGCTRL_X0Y0        BUFG (Prop_bufg_I_O)         0.096     3.521 r  clk_IBUF_BUFG_inst/O
                         net (fo=19, routed)          1.620     5.141    clk_IBUF_BUFG
    SLICE_X2Y23          FDCE                                         r  n_reg[1]/C
  -------------------------------------------------------------------    -------------------
    SLICE_X2Y23          FDCE (Prop_fdce_C_Q)         0.518     5.659 r  n_reg[1]/Q
                         net (fo=15, routed)          1.745     7.405    n[1]
    SLICE_X32Y29         LUT6 (Prop_lut6_I2_O)        0.124     7.529 r  output_array[0]_i_6/O
                         net (fo=11, routed)          2.145     9.673    output_array[0]_i_6_n_0
    SLICE_X1Y21          LUT6 (Prop_lut6_I2_O)        0.124     9.797 r  output_array[4]_i_3/O
                         net (fo=1, routed)           0.000     9.797    output_array[4]_i_3_n_0
    SLICE_X1Y21          CARRY4 (Prop_carry4_S[2]_CO[3])
                                                      0.398    10.195 r  output_array_reg[4]_i_1/CO[3]
                         net (fo=1, routed)           0.000    10.195    output_array_reg[4]_i_1_n_0
    SLICE_X1Y22          CARRY4 (Prop_carry4_CI_O[2])
                                                      0.239    10.434 r  output_array_reg[8]_i_1/O[2]
                         net (fo=1, routed)           0.000    10.434    output_array_reg[8]_i_1_n_5
    SLICE_X1Y22          FDCE                                         r  output_array_reg[10]/D
  -------------------------------------------------------------------    -------------------

                         (clock sys_clk_pin rise edge)
                                                     10.000    10.000 r  
    W5                                                0.000    10.000 r  clk (IN)
                         net (fo=0)                   0.000    10.000    clk
    W5                   IBUF (Prop_ibuf_I_O)         1.388    11.388 r  clk_IBUF_inst/O
                         net (fo=1, routed)           1.862    13.250    clk_IBUF
    BUFGCTRL_X0Y0        BUFG (Prop_bufg_I_O)         0.091    13.341 r  clk_IBUF_BUFG_inst/O
                         net (fo=19, routed)          1.505    14.846    clk_IBUF_BUFG
    SLICE_X1Y22          FDCE                                         r  output_array_reg[10]/C
                         clock pessimism              0.274    15.120    
                         clock uncertainty           -0.035    15.085    
    SLICE_X1Y22          FDCE (Setup_fdce_C_D)        0.062    15.147    output_array_reg[10]
  -------------------------------------------------------------------
                         required time                         15.147    
                         arrival time                         -10.434    
  -------------------------------------------------------------------
                         slack                                  4.713    

Slack (MET) :             4.729ns  (required time - arrival time)
  Source:                 n_reg[1]/C
                            (rising edge-triggered cell FDCE clocked by sys_clk_pin  {rise@0.000ns fall@5.000ns period=10.000ns})
  Destination:            output_array_reg[8]/D
                            (rising edge-triggered cell FDCE clocked by sys_clk_pin  {rise@0.000ns fall@5.000ns period=10.000ns})
  Path Group:             sys_clk_pin
  Path Type:              Setup (Max at Slow Process Corner)
  Requirement:            10.000ns  (sys_clk_pin rise@10.000ns - sys_clk_pin rise@0.000ns)
  Data Path Delay:        5.277ns  (logic 1.387ns (26.285%)  route 3.890ns (73.715%))
  Logic Levels:           4  (CARRY4=2 LUT6=2)
  Clock Path Skew:        -0.021ns (DCD - SCD + CPR)
    Destination Clock Delay (DCD):    4.846ns = ( 14.846 - 10.000 ) 
    Source Clock Delay      (SCD):    5.141ns
    Clock Pessimism Removal (CPR):    0.274ns
  Clock Uncertainty:      0.035ns  ((TSJ^2 + TIJ^2)^1/2 + DJ) / 2 + PE
    Total System Jitter     (TSJ):    0.071ns
    Total Input Jitter      (TIJ):    0.000ns
    Discrete Jitter          (DJ):    0.000ns
    Phase Error              (PE):    0.000ns

    Location             Delay type                Incr(ns)  Path(ns)    Netlist Resource(s)
  -------------------------------------------------------------------    -------------------
                         (clock sys_clk_pin rise edge)
                                                      0.000     0.000 r  
    W5                                                0.000     0.000 r  clk (IN)
                         net (fo=0)                   0.000     0.000    clk
    W5                   IBUF (Prop_ibuf_I_O)         1.458     1.458 r  clk_IBUF_inst/O
                         net (fo=1, routed)           1.967     3.425    clk_IBUF
    BUFGCTRL_X0Y0        BUFG (Prop_bufg_I_O)         0.096     3.521 r  clk_IBUF_BUFG_inst/O
                         net (fo=19, routed)          1.620     5.141    clk_IBUF_BUFG
    SLICE_X2Y23          FDCE                                         r  n_reg[1]/C
  -------------------------------------------------------------------    -------------------
    SLICE_X2Y23          FDCE (Prop_fdce_C_Q)         0.518     5.659 r  n_reg[1]/Q
                         net (fo=15, routed)          1.745     7.405    n[1]
    SLICE_X32Y29         LUT6 (Prop_lut6_I2_O)        0.124     7.529 r  output_array[0]_i_6/O
                         net (fo=11, routed)          2.145     9.673    output_array[0]_i_6_n_0
    SLICE_X1Y21          LUT6 (Prop_lut6_I2_O)        0.124     9.797 r  output_array[4]_i_3/O
                         net (fo=1, routed)           0.000     9.797    output_array[4]_i_3_n_0
    SLICE_X1Y21          CARRY4 (Prop_carry4_S[2]_CO[3])
                                                      0.398    10.195 r  output_array_reg[4]_i_1/CO[3]
                         net (fo=1, routed)           0.000    10.195    output_array_reg[4]_i_1_n_0
    SLICE_X1Y22          CARRY4 (Prop_carry4_CI_O[0])
                                                      0.223    10.418 r  output_array_reg[8]_i_1/O[0]
                         net (fo=1, routed)           0.000    10.418    output_array_reg[8]_i_1_n_7
    SLICE_X1Y22          FDCE                                         r  output_array_reg[8]/D
  -------------------------------------------------------------------    -------------------

                         (clock sys_clk_pin rise edge)
                                                     10.000    10.000 r  
    W5                                                0.000    10.000 r  clk (IN)
                         net (fo=0)                   0.000    10.000    clk
    W5                   IBUF (Prop_ibuf_I_O)         1.388    11.388 r  clk_IBUF_inst/O
                         net (fo=1, routed)           1.862    13.250    clk_IBUF
    BUFGCTRL_X0Y0        BUFG (Prop_bufg_I_O)         0.091    13.341 r  clk_IBUF_BUFG_inst/O
                         net (fo=19, routed)          1.505    14.846    clk_IBUF_BUFG
    SLICE_X1Y22          FDCE                                         r  output_array_reg[8]/C
                         clock pessimism              0.274    15.120    
                         clock uncertainty           -0.035    15.085    
    SLICE_X1Y22          FDCE (Setup_fdce_C_D)        0.062    15.147    output_array_reg[8]
  -------------------------------------------------------------------
                         required time                         15.147    
                         arrival time                         -10.418    
  -------------------------------------------------------------------
                         slack                                  4.729    

Slack (MET) :             4.877ns  (required time - arrival time)
  Source:                 n_reg[1]/C
                            (rising edge-triggered cell FDCE clocked by sys_clk_pin  {rise@0.000ns fall@5.000ns period=10.000ns})
  Destination:            output_array_reg[5]/D
                            (rising edge-triggered cell FDCE clocked by sys_clk_pin  {rise@0.000ns fall@5.000ns period=10.000ns})
  Path Group:             sys_clk_pin
  Path Type:              Setup (Max at Slow Process Corner)
  Requirement:            10.000ns  (sys_clk_pin rise@10.000ns - sys_clk_pin rise@0.000ns)
  Data Path Delay:        5.130ns  (logic 1.632ns (31.810%)  route 3.498ns (68.190%))
  Logic Levels:           4  (CARRY4=2 LUT4=1 LUT6=1)
  Clock Path Skew:        -0.019ns (DCD - SCD + CPR)
    Destination Clock Delay (DCD):    4.848ns = ( 14.848 - 10.000 ) 
    Source Clock Delay      (SCD):    5.141ns
    Clock Pessimism Removal (CPR):    0.274ns
  Clock Uncertainty:      0.035ns  ((TSJ^2 + TIJ^2)^1/2 + DJ) / 2 + PE
    Total System Jitter     (TSJ):    0.071ns
    Total Input Jitter      (TIJ):    0.000ns
    Discrete Jitter          (DJ):    0.000ns
    Phase Error              (PE):    0.000ns

    Location             Delay type                Incr(ns)  Path(ns)    Netlist Resource(s)
  -------------------------------------------------------------------    -------------------
                         (clock sys_clk_pin rise edge)
                                                      0.000     0.000 r  
    W5                                                0.000     0.000 r  clk (IN)
                         net (fo=0)                   0.000     0.000    clk
    W5                   IBUF (Prop_ibuf_I_O)         1.458     1.458 r  clk_IBUF_inst/O
                         net (fo=1, routed)           1.967     3.425    clk_IBUF
    BUFGCTRL_X0Y0        BUFG (Prop_bufg_I_O)         0.096     3.521 r  clk_IBUF_BUFG_inst/O
                         net (fo=19, routed)          1.620     5.141    clk_IBUF_BUFG
    SLICE_X2Y23          FDCE                                         r  n_reg[1]/C
  -------------------------------------------------------------------    -------------------
    SLICE_X2Y23          FDCE (Prop_fdce_C_Q)         0.518     5.659 r  n_reg[1]/Q
                         net (fo=15, routed)          1.745     7.405    n[1]
    SLICE_X32Y29         LUT6 (Prop_lut6_I2_O)        0.124     7.529 r  output_array[0]_i_6/O
                         net (fo=11, routed)          1.753     9.282    output_array[0]_i_6_n_0
    SLICE_X1Y20          LUT4 (Prop_lut4_I1_O)        0.124     9.406 r  output_array[0]_i_5/O
                         net (fo=1, routed)           0.000     9.406    output_array[0]_i_5_n_0
    SLICE_X1Y20          CARRY4 (Prop_carry4_S[0]_CO[3])
                                                      0.532     9.938 r  output_array_reg[0]_i_1/CO[3]
                         net (fo=1, routed)           0.000     9.938    output_array_reg[0]_i_1_n_0
    SLICE_X1Y21          CARRY4 (Prop_carry4_CI_O[1])
                                                      0.334    10.272 r  output_array_reg[4]_i_1/O[1]
                         net (fo=1, routed)           0.000    10.272    output_array_reg[4]_i_1_n_6
    SLICE_X1Y21          FDCE                                         r  output_array_reg[5]/D
  -------------------------------------------------------------------    -------------------

                         (clock sys_clk_pin rise edge)
                                                     10.000    10.000 r  
    W5                                                0.000    10.000 r  clk (IN)
                         net (fo=0)                   0.000    10.000    clk
    W5                   IBUF (Prop_ibuf_I_O)         1.388    11.388 r  clk_IBUF_inst/O
                         net (fo=1, routed)           1.862    13.250    clk_IBUF
    BUFGCTRL_X0Y0        BUFG (Prop_bufg_I_O)         0.091    13.341 r  clk_IBUF_BUFG_inst/O
                         net (fo=19, routed)          1.507    14.848    clk_IBUF_BUFG
    SLICE_X1Y21          FDCE                                         r  output_array_reg[5]/C
                         clock pessimism              0.274    15.122    
                         clock uncertainty           -0.035    15.087    
    SLICE_X1Y21          FDCE (Setup_fdce_C_D)        0.062    15.149    output_array_reg[5]
  -------------------------------------------------------------------
                         required time                         15.149    
                         arrival time                         -10.272    
  -------------------------------------------------------------------
                         slack                                  4.877    

Slack (MET) :             4.890ns  (required time - arrival time)
  Source:                 n_reg[1]/C
                            (rising edge-triggered cell FDCE clocked by sys_clk_pin  {rise@0.000ns fall@5.000ns period=10.000ns})
  Destination:            output_array_reg[7]/D
                            (rising edge-triggered cell FDCE clocked by sys_clk_pin  {rise@0.000ns fall@5.000ns period=10.000ns})
  Path Group:             sys_clk_pin
  Path Type:              Setup (Max at Slow Process Corner)
  Requirement:            10.000ns  (sys_clk_pin rise@10.000ns - sys_clk_pin rise@0.000ns)
  Data Path Delay:        5.118ns  (logic 1.406ns (27.474%)  route 3.712ns (72.526%))
  Logic Levels:           3  (CARRY4=1 LUT6=2)
  Clock Path Skew:        -0.019ns (DCD - SCD + CPR)
    Destination Clock Delay (DCD):    4.848ns = ( 14.848 - 10.000 ) 
    Source Clock Delay      (SCD):    5.141ns
    Clock Pessimism Removal (CPR):    0.274ns
  Clock Uncertainty:      0.035ns  ((TSJ^2 + TIJ^2)^1/2 + DJ) / 2 + PE
    Total System Jitter     (TSJ):    0.071ns
    Total Input Jitter      (TIJ):    0.000ns
    Discrete Jitter          (DJ):    0.000ns
    Phase Error              (PE):    0.000ns

    Location             Delay type                Incr(ns)  Path(ns)    Netlist Resource(s)
  -------------------------------------------------------------------    -------------------
                         (clock sys_clk_pin rise edge)
                                                      0.000     0.000 r  
    W5                                                0.000     0.000 r  clk (IN)
                         net (fo=0)                   0.000     0.000    clk
    W5                   IBUF (Prop_ibuf_I_O)         1.458     1.458 r  clk_IBUF_inst/O
                         net (fo=1, routed)           1.967     3.425    clk_IBUF
    BUFGCTRL_X0Y0        BUFG (Prop_bufg_I_O)         0.096     3.521 r  clk_IBUF_BUFG_inst/O
                         net (fo=19, routed)          1.620     5.141    clk_IBUF_BUFG
    SLICE_X2Y23          FDCE                                         r  n_reg[1]/C
  -------------------------------------------------------------------    -------------------
    SLICE_X2Y23          FDCE (Prop_fdce_C_Q)         0.518     5.659 r  n_reg[1]/Q
                         net (fo=15, routed)          1.745     7.405    n[1]
    SLICE_X32Y29         LUT6 (Prop_lut6_I2_O)        0.124     7.529 r  output_array[0]_i_6/O
                         net (fo=11, routed)          1.966     9.495    output_array[0]_i_6_n_0
    SLICE_X1Y21          LUT6 (Prop_lut6_I2_O)        0.124     9.619 r  output_array[4]_i_4/O
                         net (fo=1, routed)           0.000     9.619    output_array[4]_i_4_n_0
    SLICE_X1Y21          CARRY4 (Prop_carry4_S[1]_O[3])
                                                      0.640    10.259 r  output_array_reg[4]_i_1/O[3]
                         net (fo=1, routed)           0.000    10.259    output_array_reg[4]_i_1_n_4
    SLICE_X1Y21          FDCE                                         r  output_array_reg[7]/D
  -------------------------------------------------------------------    -------------------

                         (clock sys_clk_pin rise edge)
                                                     10.000    10.000 r  
    W5                                                0.000    10.000 r  clk (IN)
                         net (fo=0)                   0.000    10.000    clk
    W5                   IBUF (Prop_ibuf_I_O)         1.388    11.388 r  clk_IBUF_inst/O
                         net (fo=1, routed)           1.862    13.250    clk_IBUF
    BUFGCTRL_X0Y0        BUFG (Prop_bufg_I_O)         0.091    13.341 r  clk_IBUF_BUFG_inst/O
                         net (fo=19, routed)          1.507    14.848    clk_IBUF_BUFG
    SLICE_X1Y21          FDCE                                         r  output_array_reg[7]/C
                         clock pessimism              0.274    15.122    
                         clock uncertainty           -0.035    15.087    
    SLICE_X1Y21          FDCE (Setup_fdce_C_D)        0.062    15.149    output_array_reg[7]
  -------------------------------------------------------------------
                         required time                         15.149    
                         arrival time                         -10.259    
  -------------------------------------------------------------------
                         slack                                  4.890    





Min Delay Paths
--------------------------------------------------------------------------------------
Slack (MET) :             0.230ns  (arrival time - required time)
  Source:                 output_array_reg[12]/C
                            (rising edge-triggered cell FDCE clocked by sys_clk_pin  {rise@0.000ns fall@5.000ns period=10.000ns})
  Destination:            output_array_reg[13]/D
                            (rising edge-triggered cell FDCE clocked by sys_clk_pin  {rise@0.000ns fall@5.000ns period=10.000ns})
  Path Group:             sys_clk_pin
  Path Type:              Hold (Min at Fast Process Corner)
  Requirement:            0.000ns  (sys_clk_pin rise@0.000ns - sys_clk_pin rise@0.000ns)
  Data Path Delay:        0.335ns  (logic 0.265ns (79.042%)  route 0.070ns (20.958%))
  Logic Levels:           1  (CARRY4=1)
  Clock Path Skew:        0.000ns (DCD - SCD - CPR)
    Destination Clock Delay (DCD):    1.978ns
    Source Clock Delay      (SCD):    1.466ns
    Clock Pessimism Removal (CPR):    0.512ns

    Location             Delay type                Incr(ns)  Path(ns)    Netlist Resource(s)
  -------------------------------------------------------------------    -------------------
                         (clock sys_clk_pin rise edge)
                                                      0.000     0.000 r  
    W5                                                0.000     0.000 r  clk (IN)
                         net (fo=0)                   0.000     0.000    clk
    W5                   IBUF (Prop_ibuf_I_O)         0.226     0.226 r  clk_IBUF_inst/O
                         net (fo=1, routed)           0.631     0.858    clk_IBUF
    BUFGCTRL_X0Y0        BUFG (Prop_bufg_I_O)         0.026     0.884 r  clk_IBUF_BUFG_inst/O
                         net (fo=19, routed)          0.583     1.466    clk_IBUF_BUFG
    SLICE_X1Y23          FDCE                                         r  output_array_reg[12]/C
  -------------------------------------------------------------------    -------------------
    SLICE_X1Y23          FDCE (Prop_fdce_C_Q)         0.141     1.607 r  output_array_reg[12]/Q
                         net (fo=3, routed)           0.070     1.677    output_array_OBUF[12]
    SLICE_X1Y23          CARRY4 (Prop_carry4_DI[0]_O[1])
                                                      0.124     1.801 r  output_array_reg[12]_i_1/O[1]
                         net (fo=1, routed)           0.000     1.801    output_array_reg[12]_i_1_n_6
    SLICE_X1Y23          FDCE                                         r  output_array_reg[13]/D
  -------------------------------------------------------------------    -------------------

                         (clock sys_clk_pin rise edge)
                                                      0.000     0.000 r  
    W5                                                0.000     0.000 r  clk (IN)
                         net (fo=0)                   0.000     0.000    clk
    W5                   IBUF (Prop_ibuf_I_O)         0.414     0.414 r  clk_IBUF_inst/O
                         net (fo=1, routed)           0.685     1.099    clk_IBUF
    BUFGCTRL_X0Y0        BUFG (Prop_bufg_I_O)         0.029     1.128 r  clk_IBUF_BUFG_inst/O
                         net (fo=19, routed)          0.851     1.978    clk_IBUF_BUFG
    SLICE_X1Y23          FDCE                                         r  output_array_reg[13]/C
                         clock pessimism             -0.512     1.466    
    SLICE_X1Y23          FDCE (Hold_fdce_C_D)         0.105     1.571    output_array_reg[13]
  -------------------------------------------------------------------
                         required time                         -1.571    
                         arrival time                           1.801    
  -------------------------------------------------------------------
                         slack                                  0.230    

Slack (MET) :             0.230ns  (arrival time - required time)
  Source:                 output_array_reg[4]/C
                            (rising edge-triggered cell FDCE clocked by sys_clk_pin  {rise@0.000ns fall@5.000ns period=10.000ns})
  Destination:            output_array_reg[5]/D
                            (rising edge-triggered cell FDCE clocked by sys_clk_pin  {rise@0.000ns fall@5.000ns period=10.000ns})
  Path Group:             sys_clk_pin
  Path Type:              Hold (Min at Fast Process Corner)
  Requirement:            0.000ns  (sys_clk_pin rise@0.000ns - sys_clk_pin rise@0.000ns)
  Data Path Delay:        0.335ns  (logic 0.265ns (79.042%)  route 0.070ns (20.958%))
  Logic Levels:           1  (CARRY4=1)
  Clock Path Skew:        0.000ns (DCD - SCD - CPR)
    Destination Clock Delay (DCD):    1.981ns
    Source Clock Delay      (SCD):    1.468ns
    Clock Pessimism Removal (CPR):    0.513ns

    Location             Delay type                Incr(ns)  Path(ns)    Netlist Resource(s)
  -------------------------------------------------------------------    -------------------
                         (clock sys_clk_pin rise edge)
                                                      0.000     0.000 r  
    W5                                                0.000     0.000 r  clk (IN)
                         net (fo=0)                   0.000     0.000    clk
    W5                   IBUF (Prop_ibuf_I_O)         0.226     0.226 r  clk_IBUF_inst/O
                         net (fo=1, routed)           0.631     0.858    clk_IBUF
    BUFGCTRL_X0Y0        BUFG (Prop_bufg_I_O)         0.026     0.884 r  clk_IBUF_BUFG_inst/O
                         net (fo=19, routed)          0.585     1.468    clk_IBUF_BUFG
    SLICE_X1Y21          FDCE                                         r  output_array_reg[4]/C
  -------------------------------------------------------------------    -------------------
    SLICE_X1Y21          FDCE (Prop_fdce_C_Q)         0.141     1.609 r  output_array_reg[4]/Q
                         net (fo=3, routed)           0.070     1.679    output_array_OBUF[4]
    SLICE_X1Y21          CARRY4 (Prop_carry4_DI[0]_O[1])
                                                      0.124     1.803 r  output_array_reg[4]_i_1/O[1]
                         net (fo=1, routed)           0.000     1.803    output_array_reg[4]_i_1_n_6
    SLICE_X1Y21          FDCE                                         r  output_array_reg[5]/D
  -------------------------------------------------------------------    -------------------

                         (clock sys_clk_pin rise edge)
                                                      0.000     0.000 r  
    W5                                                0.000     0.000 r  clk (IN)
                         net (fo=0)                   0.000     0.000    clk
    W5                   IBUF (Prop_ibuf_I_O)         0.414     0.414 r  clk_IBUF_inst/O
                         net (fo=1, routed)           0.685     1.099    clk_IBUF
    BUFGCTRL_X0Y0        BUFG (Prop_bufg_I_O)         0.029     1.128 r  clk_IBUF_BUFG_inst/O
                         net (fo=19, routed)          0.854     1.981    clk_IBUF_BUFG
    SLICE_X1Y21          FDCE                                         r  output_array_reg[5]/C
                         clock pessimism             -0.513     1.468    
    SLICE_X1Y21          FDCE (Hold_fdce_C_D)         0.105     1.573    output_array_reg[5]
  -------------------------------------------------------------------
                         required time                         -1.573    
                         arrival time                           1.803    
  -------------------------------------------------------------------
                         slack                                  0.230    

Slack (MET) :             0.231ns  (arrival time - required time)
  Source:                 output_array_reg[2]/C
                            (rising edge-triggered cell FDCE clocked by sys_clk_pin  {rise@0.000ns fall@5.000ns period=10.000ns})
  Destination:            output_array_reg[3]/D
                            (rising edge-triggered cell FDCE clocked by sys_clk_pin  {rise@0.000ns fall@5.000ns period=10.000ns})
  Path Group:             sys_clk_pin
  Path Type:              Hold (Min at Fast Process Corner)
  Requirement:            0.000ns  (sys_clk_pin rise@0.000ns - sys_clk_pin rise@0.000ns)
  Data Path Delay:        0.336ns  (logic 0.268ns (79.739%)  route 0.068ns (20.261%))
  Logic Levels:           1  (CARRY4=1)
  Clock Path Skew:        0.000ns (DCD - SCD - CPR)
    Destination Clock Delay (DCD):    1.982ns
    Source Clock Delay      (SCD):    1.469ns
    Clock Pessimism Removal (CPR):    0.513ns

    Location             Delay type                Incr(ns)  Path(ns)    Netlist Resource(s)
  -------------------------------------------------------------------    -------------------
                         (clock sys_clk_pin rise edge)
                                                      0.000     0.000 r  
    W5                                                0.000     0.000 r  clk (IN)
                         net (fo=0)                   0.000     0.000    clk
    W5                   IBUF (Prop_ibuf_I_O)         0.226     0.226 r  clk_IBUF_inst/O
                         net (fo=1, routed)           0.631     0.858    clk_IBUF
    BUFGCTRL_X0Y0        BUFG (Prop_bufg_I_O)         0.026     0.884 r  clk_IBUF_BUFG_inst/O
                         net (fo=19, routed)          0.586     1.469    clk_IBUF_BUFG
    SLICE_X1Y20          FDCE                                         r  output_array_reg[2]/C
  -------------------------------------------------------------------    -------------------
    SLICE_X1Y20          FDCE (Prop_fdce_C_Q)         0.141     1.610 r  output_array_reg[2]/Q
                         net (fo=3, routed)           0.068     1.678    output_array_OBUF[2]
    SLICE_X1Y20          CARRY4 (Prop_carry4_DI[2]_O[3])
                                                      0.127     1.805 r  output_array_reg[0]_i_1/O[3]
                         net (fo=1, routed)           0.000     1.805    output_array_reg[0]_i_1_n_4
    SLICE_X1Y20          FDCE                                         r  output_array_reg[3]/D
  -------------------------------------------------------------------    -------------------

                         (clock sys_clk_pin rise edge)
                                                      0.000     0.000 r  
    W5                                                0.000     0.000 r  clk (IN)
                         net (fo=0)                   0.000     0.000    clk
    W5                   IBUF (Prop_ibuf_I_O)         0.414     0.414 r  clk_IBUF_inst/O
                         net (fo=1, routed)           0.685     1.099    clk_IBUF
    BUFGCTRL_X0Y0        BUFG (Prop_bufg_I_O)         0.029     1.128 r  clk_IBUF_BUFG_inst/O
                         net (fo=19, routed)          0.855     1.982    clk_IBUF_BUFG
    SLICE_X1Y20          FDCE                                         r  output_array_reg[3]/C
                         clock pessimism             -0.513     1.469    
    SLICE_X1Y20          FDCE (Hold_fdce_C_D)         0.105     1.574    output_array_reg[3]
  -------------------------------------------------------------------
                         required time                         -1.574    
                         arrival time                           1.805    
  -------------------------------------------------------------------
                         slack                                  0.231    

Slack (MET) :             0.233ns  (arrival time - required time)
  Source:                 output_array_reg[14]/C
                            (rising edge-triggered cell FDCE clocked by sys_clk_pin  {rise@0.000ns fall@5.000ns period=10.000ns})
  Destination:            output_array_reg[15]/D
                            (rising edge-triggered cell FDCE clocked by sys_clk_pin  {rise@0.000ns fall@5.000ns period=10.000ns})
  Path Group:             sys_clk_pin
  Path Type:              Hold (Min at Fast Process Corner)
  Requirement:            0.000ns  (sys_clk_pin rise@0.000ns - sys_clk_pin rise@0.000ns)
  Data Path Delay:        0.338ns  (logic 0.268ns (79.228%)  route 0.070ns (20.772%))
  Logic Levels:           1  (CARRY4=1)
  Clock Path Skew:        0.000ns (DCD - SCD - CPR)
    Destination Clock Delay (DCD):    1.978ns
    Source Clock Delay      (SCD):    1.466ns
    Clock Pessimism Removal (CPR):    0.512ns

    Location             Delay type                Incr(ns)  Path(ns)    Netlist Resource(s)
  -------------------------------------------------------------------    -------------------
                         (clock sys_clk_pin rise edge)
                                                      0.000     0.000 r  
    W5                                                0.000     0.000 r  clk (IN)
                         net (fo=0)                   0.000     0.000    clk
    W5                   IBUF (Prop_ibuf_I_O)         0.226     0.226 r  clk_IBUF_inst/O
                         net (fo=1, routed)           0.631     0.858    clk_IBUF
    BUFGCTRL_X0Y0        BUFG (Prop_bufg_I_O)         0.026     0.884 r  clk_IBUF_BUFG_inst/O
                         net (fo=19, routed)          0.583     1.466    clk_IBUF_BUFG
    SLICE_X1Y23          FDCE                                         r  output_array_reg[14]/C
  -------------------------------------------------------------------    -------------------
    SLICE_X1Y23          FDCE (Prop_fdce_C_Q)         0.141     1.607 r  output_array_reg[14]/Q
                         net (fo=3, routed)           0.070     1.677    output_array_OBUF[14]
    SLICE_X1Y23          CARRY4 (Prop_carry4_DI[2]_O[3])
                                                      0.127     1.804 r  output_array_reg[12]_i_1/O[3]
                         net (fo=1, routed)           0.000     1.804    output_array_reg[12]_i_1_n_4
    SLICE_X1Y23          FDCE                                         r  output_array_reg[15]/D
  -------------------------------------------------------------------    -------------------

                         (clock sys_clk_pin rise edge)
                                                      0.000     0.000 r  
    W5                                                0.000     0.000 r  clk (IN)
                         net (fo=0)                   0.000     0.000    clk
    W5                   IBUF (Prop_ibuf_I_O)         0.414     0.414 r  clk_IBUF_inst/O
                         net (fo=1, routed)           0.685     1.099    clk_IBUF
    BUFGCTRL_X0Y0        BUFG (Prop_bufg_I_O)         0.029     1.128 r  clk_IBUF_BUFG_inst/O
                         net (fo=19, routed)          0.851     1.978    clk_IBUF_BUFG
    SLICE_X1Y23          FDCE                                         r  output_array_reg[15]/C
                         clock pessimism             -0.512     1.466    
    SLICE_X1Y23          FDCE (Hold_fdce_C_D)         0.105     1.571    output_array_reg[15]
  -------------------------------------------------------------------
                         required time                         -1.571    
                         arrival time                           1.804    
  -------------------------------------------------------------------
                         slack                                  0.233    

Slack (MET) :             0.233ns  (arrival time - required time)
  Source:                 output_array_reg[6]/C
                            (rising edge-triggered cell FDCE clocked by sys_clk_pin  {rise@0.000ns fall@5.000ns period=10.000ns})
  Destination:            output_array_reg[7]/D
                            (rising edge-triggered cell FDCE clocked by sys_clk_pin  {rise@0.000ns fall@5.000ns period=10.000ns})
  Path Group:             sys_clk_pin
  Path Type:              Hold (Min at Fast Process Corner)
  Requirement:            0.000ns  (sys_clk_pin rise@0.000ns - sys_clk_pin rise@0.000ns)
  Data Path Delay:        0.338ns  (logic 0.268ns (79.228%)  route 0.070ns (20.772%))
  Logic Levels:           1  (CARRY4=1)
  Clock Path Skew:        0.000ns (DCD - SCD - CPR)
    Destination Clock Delay (DCD):    1.981ns
    Source Clock Delay      (SCD):    1.468ns
    Clock Pessimism Removal (CPR):    0.513ns

    Location             Delay type                Incr(ns)  Path(ns)    Netlist Resource(s)
  -------------------------------------------------------------------    -------------------
                         (clock sys_clk_pin rise edge)
                                                      0.000     0.000 r  
    W5                                                0.000     0.000 r  clk (IN)
                         net (fo=0)                   0.000     0.000    clk
    W5                   IBUF (Prop_ibuf_I_O)         0.226     0.226 r  clk_IBUF_inst/O
                         net (fo=1, routed)           0.631     0.858    clk_IBUF
    BUFGCTRL_X0Y0        BUFG (Prop_bufg_I_O)         0.026     0.884 r  clk_IBUF_BUFG_inst/O
                         net (fo=19, routed)          0.585     1.468    clk_IBUF_BUFG
    SLICE_X1Y21          FDCE                                         r  output_array_reg[6]/C
  -------------------------------------------------------------------    -------------------
    SLICE_X1Y21          FDCE (Prop_fdce_C_Q)         0.141     1.609 r  output_array_reg[6]/Q
                         net (fo=3, routed)           0.070     1.679    output_array_OBUF[6]
    SLICE_X1Y21          CARRY4 (Prop_carry4_DI[2]_O[3])
                                                      0.127     1.806 r  output_array_reg[4]_i_1/O[3]
                         net (fo=1, routed)           0.000     1.806    output_array_reg[4]_i_1_n_4
    SLICE_X1Y21          FDCE                                         r  output_array_reg[7]/D
  -------------------------------------------------------------------    -------------------

                         (clock sys_clk_pin rise edge)
                                                      0.000     0.000 r  
    W5                                                0.000     0.000 r  clk (IN)
                         net (fo=0)                   0.000     0.000    clk
    W5                   IBUF (Prop_ibuf_I_O)         0.414     0.414 r  clk_IBUF_inst/O
                         net (fo=1, routed)           0.685     1.099    clk_IBUF
    BUFGCTRL_X0Y0        BUFG (Prop_bufg_I_O)         0.029     1.128 r  clk_IBUF_BUFG_inst/O
                         net (fo=19, routed)          0.854     1.981    clk_IBUF_BUFG
    SLICE_X1Y21          FDCE                                         r  output_array_reg[7]/C
                         clock pessimism             -0.513     1.468    
    SLICE_X1Y21          FDCE (Hold_fdce_C_D)         0.105     1.573    output_array_reg[7]
  -------------------------------------------------------------------
                         required time                         -1.573    
                         arrival time                           1.806    
  -------------------------------------------------------------------
                         slack                                  0.233    

Slack (MET) :             0.240ns  (arrival time - required time)
  Source:                 output_array_reg[8]/C
                            (rising edge-triggered cell FDCE clocked by sys_clk_pin  {rise@0.000ns fall@5.000ns period=10.000ns})
  Destination:            output_array_reg[9]/D
                            (rising edge-triggered cell FDCE clocked by sys_clk_pin  {rise@0.000ns fall@5.000ns period=10.000ns})
  Path Group:             sys_clk_pin
  Path Type:              Hold (Min at Fast Process Corner)
  Requirement:            0.000ns  (sys_clk_pin rise@0.000ns - sys_clk_pin rise@0.000ns)
  Data Path Delay:        0.345ns  (logic 0.265ns (76.760%)  route 0.080ns (23.240%))
  Logic Levels:           1  (CARRY4=1)
  Clock Path Skew:        0.000ns (DCD - SCD - CPR)
    Destination Clock Delay (DCD):    1.980ns
    Source Clock Delay      (SCD):    1.468ns
    Clock Pessimism Removal (CPR):    0.512ns

    Location             Delay type                Incr(ns)  Path(ns)    Netlist Resource(s)
  -------------------------------------------------------------------    -------------------
                         (clock sys_clk_pin rise edge)
                                                      0.000     0.000 r  
    W5                                                0.000     0.000 r  clk (IN)
                         net (fo=0)                   0.000     0.000    clk
    W5                   IBUF (Prop_ibuf_I_O)         0.226     0.226 r  clk_IBUF_inst/O
                         net (fo=1, routed)           0.631     0.858    clk_IBUF
    BUFGCTRL_X0Y0        BUFG (Prop_bufg_I_O)         0.026     0.884 r  clk_IBUF_BUFG_inst/O
                         net (fo=19, routed)          0.585     1.468    clk_IBUF_BUFG
    SLICE_X1Y22          FDCE                                         r  output_array_reg[8]/C
  -------------------------------------------------------------------    -------------------
    SLICE_X1Y22          FDCE (Prop_fdce_C_Q)         0.141     1.609 r  output_array_reg[8]/Q
                         net (fo=3, routed)           0.080     1.689    output_array_OBUF[8]
    SLICE_X1Y22          CARRY4 (Prop_carry4_DI[0]_O[1])
                                                      0.124     1.813 r  output_array_reg[8]_i_1/O[1]
                         net (fo=1, routed)           0.000     1.813    output_array_reg[8]_i_1_n_6
    SLICE_X1Y22          FDCE                                         r  output_array_reg[9]/D
  -------------------------------------------------------------------    -------------------

                         (clock sys_clk_pin rise edge)
                                                      0.000     0.000 r  
    W5                                                0.000     0.000 r  clk (IN)
                         net (fo=0)                   0.000     0.000    clk
    W5                   IBUF (Prop_ibuf_I_O)         0.414     0.414 r  clk_IBUF_inst/O
                         net (fo=1, routed)           0.685     1.099    clk_IBUF
    BUFGCTRL_X0Y0        BUFG (Prop_bufg_I_O)         0.029     1.128 r  clk_IBUF_BUFG_inst/O
                         net (fo=19, routed)          0.853     1.980    clk_IBUF_BUFG
    SLICE_X1Y22          FDCE                                         r  output_array_reg[9]/C
                         clock pessimism             -0.512     1.468    
    SLICE_X1Y22          FDCE (Hold_fdce_C_D)         0.105     1.573    output_array_reg[9]
  -------------------------------------------------------------------
                         required time                         -1.573    
                         arrival time                           1.813    
  -------------------------------------------------------------------
                         slack                                  0.240    

Slack (MET) :             0.241ns  (arrival time - required time)
  Source:                 output_array_reg[0]/C
                            (rising edge-triggered cell FDCE clocked by sys_clk_pin  {rise@0.000ns fall@5.000ns period=10.000ns})
  Destination:            output_array_reg[1]/D
                            (rising edge-triggered cell FDCE clocked by sys_clk_pin  {rise@0.000ns fall@5.000ns period=10.000ns})
  Path Group:             sys_clk_pin
  Path Type:              Hold (Min at Fast Process Corner)
  Requirement:            0.000ns  (sys_clk_pin rise@0.000ns - sys_clk_pin rise@0.000ns)
  Data Path Delay:        0.346ns  (logic 0.265ns (76.508%)  route 0.081ns (23.492%))
  Logic Levels:           1  (CARRY4=1)
  Clock Path Skew:        0.000ns (DCD - SCD - CPR)
    Destination Clock Delay (DCD):    1.982ns
    Source Clock Delay      (SCD):    1.469ns
    Clock Pessimism Removal (CPR):    0.513ns

    Location             Delay type                Incr(ns)  Path(ns)    Netlist Resource(s)
  -------------------------------------------------------------------    -------------------
                         (clock sys_clk_pin rise edge)
                                                      0.000     0.000 r  
    W5                                                0.000     0.000 r  clk (IN)
                         net (fo=0)                   0.000     0.000    clk
    W5                   IBUF (Prop_ibuf_I_O)         0.226     0.226 r  clk_IBUF_inst/O
                         net (fo=1, routed)           0.631     0.858    clk_IBUF
    BUFGCTRL_X0Y0        BUFG (Prop_bufg_I_O)         0.026     0.884 r  clk_IBUF_BUFG_inst/O
                         net (fo=19, routed)          0.586     1.469    clk_IBUF_BUFG
    SLICE_X1Y20          FDCE                                         r  output_array_reg[0]/C
  -------------------------------------------------------------------    -------------------
    SLICE_X1Y20          FDCE (Prop_fdce_C_Q)         0.141     1.610 r  output_array_reg[0]/Q
                         net (fo=3, routed)           0.081     1.691    output_array_OBUF[0]
    SLICE_X1Y20          CARRY4 (Prop_carry4_DI[0]_O[1])
                                                      0.124     1.815 r  output_array_reg[0]_i_1/O[1]
                         net (fo=1, routed)           0.000     1.815    output_array_reg[0]_i_1_n_6
    SLICE_X1Y20          FDCE                                         r  output_array_reg[1]/D
  -------------------------------------------------------------------    -------------------

                         (clock sys_clk_pin rise edge)
                                                      0.000     0.000 r  
    W5                                                0.000     0.000 r  clk (IN)
                         net (fo=0)                   0.000     0.000    clk
    W5                   IBUF (Prop_ibuf_I_O)         0.414     0.414 r  clk_IBUF_inst/O
                         net (fo=1, routed)           0.685     1.099    clk_IBUF
    BUFGCTRL_X0Y0        BUFG (Prop_bufg_I_O)         0.029     1.128 r  clk_IBUF_BUFG_inst/O
                         net (fo=19, routed)          0.855     1.982    clk_IBUF_BUFG
    SLICE_X1Y20          FDCE                                         r  output_array_reg[1]/C
                         clock pessimism             -0.513     1.469    
    SLICE_X1Y20          FDCE (Hold_fdce_C_D)         0.105     1.574    output_array_reg[1]
  -------------------------------------------------------------------
                         required time                         -1.574    
                         arrival time                           1.815    
  -------------------------------------------------------------------
                         slack                                  0.241    

Slack (MET) :             0.244ns  (arrival time - required time)
  Source:                 output_array_reg[10]/C
                            (rising edge-triggered cell FDCE clocked by sys_clk_pin  {rise@0.000ns fall@5.000ns period=10.000ns})
  Destination:            output_array_reg[11]/D
                            (rising edge-triggered cell FDCE clocked by sys_clk_pin  {rise@0.000ns fall@5.000ns period=10.000ns})
  Path Group:             sys_clk_pin
  Path Type:              Hold (Min at Fast Process Corner)
  Requirement:            0.000ns  (sys_clk_pin rise@0.000ns - sys_clk_pin rise@0.000ns)
  Data Path Delay:        0.349ns  (logic 0.268ns (76.710%)  route 0.081ns (23.290%))
  Logic Levels:           1  (CARRY4=1)
  Clock Path Skew:        0.000ns (DCD - SCD - CPR)
    Destination Clock Delay (DCD):    1.980ns
    Source Clock Delay      (SCD):    1.468ns
    Clock Pessimism Removal (CPR):    0.512ns

    Location             Delay type                Incr(ns)  Path(ns)    Netlist Resource(s)
  -------------------------------------------------------------------    -------------------
                         (clock sys_clk_pin rise edge)
                                                      0.000     0.000 r  
    W5                                                0.000     0.000 r  clk (IN)
                         net (fo=0)                   0.000     0.000    clk
    W5                   IBUF (Prop_ibuf_I_O)         0.226     0.226 r  clk_IBUF_inst/O
                         net (fo=1, routed)           0.631     0.858    clk_IBUF
    BUFGCTRL_X0Y0        BUFG (Prop_bufg_I_O)         0.026     0.884 r  clk_IBUF_BUFG_inst/O
                         net (fo=19, routed)          0.585     1.468    clk_IBUF_BUFG
    SLICE_X1Y22          FDCE                                         r  output_array_reg[10]/C
  -------------------------------------------------------------------    -------------------
    SLICE_X1Y22          FDCE (Prop_fdce_C_Q)         0.141     1.609 r  output_array_reg[10]/Q
                         net (fo=3, routed)           0.081     1.690    output_array_OBUF[10]
    SLICE_X1Y22          CARRY4 (Prop_carry4_DI[2]_O[3])
                                                      0.127     1.817 r  output_array_reg[8]_i_1/O[3]
                         net (fo=1, routed)           0.000     1.817    output_array_reg[8]_i_1_n_4
    SLICE_X1Y22          FDCE                                         r  output_array_reg[11]/D
  -------------------------------------------------------------------    -------------------

                         (clock sys_clk_pin rise edge)
                                                      0.000     0.000 r  
    W5                                                0.000     0.000 r  clk (IN)
                         net (fo=0)                   0.000     0.000    clk
    W5                   IBUF (Prop_ibuf_I_O)         0.414     0.414 r  clk_IBUF_inst/O
                         net (fo=1, routed)           0.685     1.099    clk_IBUF
    BUFGCTRL_X0Y0        BUFG (Prop_bufg_I_O)         0.029     1.128 r  clk_IBUF_BUFG_inst/O
                         net (fo=19, routed)          0.853     1.980    clk_IBUF_BUFG
    SLICE_X1Y22          FDCE                                         r  output_array_reg[11]/C
                         clock pessimism             -0.512     1.468    
    SLICE_X1Y22          FDCE (Hold_fdce_C_D)         0.105     1.573    output_array_reg[11]
  -------------------------------------------------------------------
                         required time                         -1.573    
                         arrival time                           1.817    
  -------------------------------------------------------------------
                         slack                                  0.244    

Slack (MET) :             0.256ns  (arrival time - required time)
  Source:                 n_reg[0]/C
                            (rising edge-triggered cell FDCE clocked by sys_clk_pin  {rise@0.000ns fall@5.000ns period=10.000ns})
  Destination:            n_reg[2]/D
                            (rising edge-triggered cell FDCE clocked by sys_clk_pin  {rise@0.000ns fall@5.000ns period=10.000ns})
  Path Group:             sys_clk_pin
  Path Type:              Hold (Min at Fast Process Corner)
  Requirement:            0.000ns  (sys_clk_pin rise@0.000ns - sys_clk_pin rise@0.000ns)
  Data Path Delay:        0.423ns  (logic 0.187ns (44.209%)  route 0.236ns (55.791%))
  Logic Levels:           1  (LUT3=1)
  Clock Path Skew:        0.036ns (DCD - SCD - CPR)
    Destination Clock Delay (DCD):    1.978ns
    Source Clock Delay      (SCD):    1.464ns
    Clock Pessimism Removal (CPR):    0.478ns

    Location             Delay type                Incr(ns)  Path(ns)    Netlist Resource(s)
  -------------------------------------------------------------------    -------------------
                         (clock sys_clk_pin rise edge)
                                                      0.000     0.000 r  
    W5                                                0.000     0.000 r  clk (IN)
                         net (fo=0)                   0.000     0.000    clk
    W5                   IBUF (Prop_ibuf_I_O)         0.226     0.226 r  clk_IBUF_inst/O
                         net (fo=1, routed)           0.631     0.858    clk_IBUF
    BUFGCTRL_X0Y0        BUFG (Prop_bufg_I_O)         0.026     0.884 r  clk_IBUF_BUFG_inst/O
                         net (fo=19, routed)          0.581     1.464    clk_IBUF_BUFG
    SLICE_X5Y23          FDCE                                         r  n_reg[0]/C
  -------------------------------------------------------------------    -------------------
    SLICE_X5Y23          FDCE (Prop_fdce_C_Q)         0.141     1.605 r  n_reg[0]/Q
                         net (fo=16, routed)          0.236     1.841    n[0]
    SLICE_X2Y23          LUT3 (Prop_lut3_I0_O)        0.046     1.887 r  n[2]_i_1/O
                         net (fo=1, routed)           0.000     1.887    p_0_in[2]
    SLICE_X2Y23          FDCE                                         r  n_reg[2]/D
  -------------------------------------------------------------------    -------------------

                         (clock sys_clk_pin rise edge)
                                                      0.000     0.000 r  
    W5                                                0.000     0.000 r  clk (IN)
                         net (fo=0)                   0.000     0.000    clk
    W5                   IBUF (Prop_ibuf_I_O)         0.414     0.414 r  clk_IBUF_inst/O
                         net (fo=1, routed)           0.685     1.099    clk_IBUF
    BUFGCTRL_X0Y0        BUFG (Prop_bufg_I_O)         0.029     1.128 r  clk_IBUF_BUFG_inst/O
                         net (fo=19, routed)          0.851     1.978    clk_IBUF_BUFG
    SLICE_X2Y23          FDCE                                         r  n_reg[2]/C
                         clock pessimism             -0.478     1.500    
    SLICE_X2Y23          FDCE (Hold_fdce_C_D)         0.131     1.631    n_reg[2]
  -------------------------------------------------------------------
                         required time                         -1.631    
                         arrival time                           1.887    
  -------------------------------------------------------------------
                         slack                                  0.256    

Slack (MET) :             0.262ns  (arrival time - required time)
  Source:                 output_array_reg[2]/C
                            (rising edge-triggered cell FDCE clocked by sys_clk_pin  {rise@0.000ns fall@5.000ns period=10.000ns})
  Destination:            output_array_reg[4]/D
                            (rising edge-triggered cell FDCE clocked by sys_clk_pin  {rise@0.000ns fall@5.000ns period=10.000ns})
  Path Group:             sys_clk_pin
  Path Type:              Hold (Min at Fast Process Corner)
  Requirement:            0.000ns  (sys_clk_pin rise@0.000ns - sys_clk_pin rise@0.000ns)
  Data Path Delay:        0.380ns  (logic 0.312ns (82.084%)  route 0.068ns (17.916%))
  Logic Levels:           2  (CARRY4=2)
  Clock Path Skew:        0.013ns (DCD - SCD - CPR)
    Destination Clock Delay (DCD):    1.981ns
    Source Clock Delay      (SCD):    1.469ns
    Clock Pessimism Removal (CPR):    0.499ns

    Location             Delay type                Incr(ns)  Path(ns)    Netlist Resource(s)
  -------------------------------------------------------------------    -------------------
                         (clock sys_clk_pin rise edge)
                                                      0.000     0.000 r  
    W5                                                0.000     0.000 r  clk (IN)
                         net (fo=0)                   0.000     0.000    clk
    W5                   IBUF (Prop_ibuf_I_O)         0.226     0.226 r  clk_IBUF_inst/O
                         net (fo=1, routed)           0.631     0.858    clk_IBUF
    BUFGCTRL_X0Y0        BUFG (Prop_bufg_I_O)         0.026     0.884 r  clk_IBUF_BUFG_inst/O
                         net (fo=19, routed)          0.586     1.469    clk_IBUF_BUFG
    SLICE_X1Y20          FDCE                                         r  output_array_reg[2]/C
  -------------------------------------------------------------------    -------------------
    SLICE_X1Y20          FDCE (Prop_fdce_C_Q)         0.141     1.610 r  output_array_reg[2]/Q
                         net (fo=3, routed)           0.068     1.678    output_array_OBUF[2]
    SLICE_X1Y20          CARRY4 (Prop_carry4_DI[2]_CO[3])
                                                      0.117     1.795 r  output_array_reg[0]_i_1/CO[3]
                         net (fo=1, routed)           0.000     1.795    output_array_reg[0]_i_1_n_0
    SLICE_X1Y21          CARRY4 (Prop_carry4_CI_O[0])
                                                      0.054     1.849 r  output_array_reg[4]_i_1/O[0]
                         net (fo=1, routed)           0.000     1.849    output_array_reg[4]_i_1_n_7
    SLICE_X1Y21          FDCE                                         r  output_array_reg[4]/D
  -------------------------------------------------------------------    -------------------

                         (clock sys_clk_pin rise edge)
                                                      0.000     0.000 r  
    W5                                                0.000     0.000 r  clk (IN)
                         net (fo=0)                   0.000     0.000    clk
    W5                   IBUF (Prop_ibuf_I_O)         0.414     0.414 r  clk_IBUF_inst/O
                         net (fo=1, routed)           0.685     1.099    clk_IBUF
    BUFGCTRL_X0Y0        BUFG (Prop_bufg_I_O)         0.029     1.128 r  clk_IBUF_BUFG_inst/O
                         net (fo=19, routed)          0.854     1.981    clk_IBUF_BUFG
    SLICE_X1Y21          FDCE                                         r  output_array_reg[4]/C
                         clock pessimism             -0.499     1.482    
    SLICE_X1Y21          FDCE (Hold_fdce_C_D)         0.105     1.587    output_array_reg[4]
  -------------------------------------------------------------------
                         required time                         -1.587    
                         arrival time                           1.849    
  -------------------------------------------------------------------
                         slack                                  0.262    





Pulse Width Checks
--------------------------------------------------------------------------------------
Clock Name:         sys_clk_pin
Waveform(ns):       { 0.000 5.000 }
Period(ns):         10.000
Sources:            { clk }

Check Type        Corner  Lib Pin  Reference Pin  Required(ns)  Actual(ns)  Slack(ns)  Location       Pin
Min Period        n/a     BUFG/I   n/a            2.155         10.000      7.845      BUFGCTRL_X0Y0  clk_IBUF_BUFG_inst/I
Min Period        n/a     FDCE/C   n/a            1.000         10.000      9.000      SLICE_X5Y23    n_reg[0]/C
Min Period        n/a     FDCE/C   n/a            1.000         10.000      9.000      SLICE_X2Y23    n_reg[1]/C
Min Period        n/a     FDCE/C   n/a            1.000         10.000      9.000      SLICE_X2Y23    n_reg[2]/C
Min Period        n/a     FDCE/C   n/a            1.000         10.000      9.000      SLICE_X1Y20    output_array_reg[0]/C
Min Period        n/a     FDCE/C   n/a            1.000         10.000      9.000      SLICE_X1Y22    output_array_reg[10]/C
Min Period        n/a     FDCE/C   n/a            1.000         10.000      9.000      SLICE_X1Y22    output_array_reg[11]/C
Min Period        n/a     FDCE/C   n/a            1.000         10.000      9.000      SLICE_X1Y23    output_array_reg[12]/C
Min Period        n/a     FDCE/C   n/a            1.000         10.000      9.000      SLICE_X1Y23    output_array_reg[13]/C
Min Period        n/a     FDCE/C   n/a            1.000         10.000      9.000      SLICE_X1Y23    output_array_reg[14]/C
Low Pulse Width   Slow    FDCE/C   n/a            0.500         5.000       4.500      SLICE_X5Y23    n_reg[0]/C
Low Pulse Width   Fast    FDCE/C   n/a            0.500         5.000       4.500      SLICE_X5Y23    n_reg[0]/C
Low Pulse Width   Slow    FDCE/C   n/a            0.500         5.000       4.500      SLICE_X2Y23    n_reg[1]/C
Low Pulse Width   Fast    FDCE/C   n/a            0.500         5.000       4.500      SLICE_X2Y23    n_reg[1]/C
Low Pulse Width   Slow    FDCE/C   n/a            0.500         5.000       4.500      SLICE_X2Y23    n_reg[2]/C
Low Pulse Width   Fast    FDCE/C   n/a            0.500         5.000       4.500      SLICE_X2Y23    n_reg[2]/C
Low Pulse Width   Slow    FDCE/C   n/a            0.500         5.000       4.500      SLICE_X1Y20    output_array_reg[0]/C
Low Pulse Width   Fast    FDCE/C   n/a            0.500         5.000       4.500      SLICE_X1Y20    output_array_reg[0]/C
Low Pulse Width   Slow    FDCE/C   n/a            0.500         5.000       4.500      SLICE_X1Y22    output_array_reg[10]/C
Low Pulse Width   Fast    FDCE/C   n/a            0.500         5.000       4.500      SLICE_X1Y22    output_array_reg[10]/C
High Pulse Width  Slow    FDCE/C   n/a            0.500         5.000       4.500      SLICE_X5Y23    n_reg[0]/C
High Pulse Width  Fast    FDCE/C   n/a            0.500         5.000       4.500      SLICE_X5Y23    n_reg[0]/C
High Pulse Width  Slow    FDCE/C   n/a            0.500         5.000       4.500      SLICE_X2Y23    n_reg[1]/C
High Pulse Width  Fast    FDCE/C   n/a            0.500         5.000       4.500      SLICE_X2Y23    n_reg[1]/C
High Pulse Width  Slow    FDCE/C   n/a            0.500         5.000       4.500      SLICE_X2Y23    n_reg[2]/C
High Pulse Width  Fast    FDCE/C   n/a            0.500         5.000       4.500      SLICE_X2Y23    n_reg[2]/C
High Pulse Width  Slow    FDCE/C   n/a            0.500         5.000       4.500      SLICE_X1Y20    output_array_reg[0]/C
High Pulse Width  Fast    FDCE/C   n/a            0.500         5.000       4.500      SLICE_X1Y20    output_array_reg[0]/C
High Pulse Width  Slow    FDCE/C   n/a            0.500         5.000       4.500      SLICE_X1Y22    output_array_reg[10]/C
High Pulse Width  Fast    FDCE/C   n/a            0.500         5.000       4.500      SLICE_X1Y22    output_array_reg[10]/C



--------------------------------------------------------------------------------------
Path Group:  (none)
From Clock:  sys_clk_pin
  To Clock:  

Max Delay            16 Endpoints
Min Delay            16 Endpoints
--------------------------------------------------------------------------------------


Max Delay Paths
--------------------------------------------------------------------------------------
Slack:                    inf
  Source:                 output_array_reg[15]/C
                            (rising edge-triggered cell FDCE clocked by sys_clk_pin  {rise@0.000ns fall@5.000ns period=10.000ns})
  Destination:            output_array[15]
                            (output port)
  Path Group:             (none)
  Path Type:              Max at Slow Process Corner
  Data Path Delay:        9.407ns  (logic 3.977ns (42.282%)  route 5.430ns (57.718%))
  Logic Levels:           1  (OBUF=1)
  Clock Uncertainty:      0.025ns  ((TSJ^2 + TIJ^2)^1/2 + DJ) / 2 + PE
    Total System Jitter     (TSJ):    0.050ns
    Total Input Jitter      (TIJ):    0.000ns
    Discrete Jitter          (DJ):    0.000ns
    Phase Error              (PE):    0.000ns

    Location             Delay type                Incr(ns)  Path(ns)    Netlist Resource(s)
  -------------------------------------------------------------------    -------------------
                         (clock sys_clk_pin rise edge)
                                                      0.000     0.000 r  
    W5                                                0.000     0.000 r  clk (IN)
                         net (fo=0)                   0.000     0.000    clk
    W5                   IBUF (Prop_ibuf_I_O)         1.458     1.458 r  clk_IBUF_inst/O
                         net (fo=1, routed)           1.967     3.425    clk_IBUF
    BUFGCTRL_X0Y0        BUFG (Prop_bufg_I_O)         0.096     3.521 r  clk_IBUF_BUFG_inst/O
                         net (fo=19, routed)          1.620     5.141    clk_IBUF_BUFG
    SLICE_X1Y23          FDCE                                         r  output_array_reg[15]/C
  -------------------------------------------------------------------    -------------------
    SLICE_X1Y23          FDCE (Prop_fdce_C_Q)         0.456     5.597 r  output_array_reg[15]/Q
                         net (fo=2, routed)           5.430    11.027    output_array_OBUF[15]
    L1                   OBUF (Prop_obuf_I_O)         3.521    14.548 r  output_array_OBUF[15]_inst/O
                         net (fo=0)                   0.000    14.548    output_array[15]
    L1                                                                r  output_array[15] (OUT)
  -------------------------------------------------------------------    -------------------

Slack:                    inf
  Source:                 output_array_reg[12]/C
                            (rising edge-triggered cell FDCE clocked by sys_clk_pin  {rise@0.000ns fall@5.000ns period=10.000ns})
  Destination:            output_array[12]
                            (output port)
  Path Group:             (none)
  Path Type:              Max at Slow Process Corner
  Data Path Delay:        8.908ns  (logic 3.974ns (44.615%)  route 4.933ns (55.385%))
  Logic Levels:           1  (OBUF=1)
  Clock Uncertainty:      0.025ns  ((TSJ^2 + TIJ^2)^1/2 + DJ) / 2 + PE
    Total System Jitter     (TSJ):    0.050ns
    Total Input Jitter      (TIJ):    0.000ns
    Discrete Jitter          (DJ):    0.000ns
    Phase Error              (PE):    0.000ns

    Location             Delay type                Incr(ns)  Path(ns)    Netlist Resource(s)
  -------------------------------------------------------------------    -------------------
                         (clock sys_clk_pin rise edge)
                                                      0.000     0.000 r  
    W5                                                0.000     0.000 r  clk (IN)
                         net (fo=0)                   0.000     0.000    clk
    W5                   IBUF (Prop_ibuf_I_O)         1.458     1.458 r  clk_IBUF_inst/O
                         net (fo=1, routed)           1.967     3.425    clk_IBUF
    BUFGCTRL_X0Y0        BUFG (Prop_bufg_I_O)         0.096     3.521 r  clk_IBUF_BUFG_inst/O
                         net (fo=19, routed)          1.620     5.141    clk_IBUF_BUFG
    SLICE_X1Y23          FDCE                                         r  output_array_reg[12]/C
  -------------------------------------------------------------------    -------------------
    SLICE_X1Y23          FDCE (Prop_fdce_C_Q)         0.456     5.597 r  output_array_reg[12]/Q
                         net (fo=3, routed)           4.933    10.531    output_array_OBUF[12]
    P3                   OBUF (Prop_obuf_I_O)         3.518    14.049 r  output_array_OBUF[12]_inst/O
                         net (fo=0)                   0.000    14.049    output_array[12]
    P3                                                                r  output_array[12] (OUT)
  -------------------------------------------------------------------    -------------------

Slack:                    inf
  Source:                 output_array_reg[13]/C
                            (rising edge-triggered cell FDCE clocked by sys_clk_pin  {rise@0.000ns fall@5.000ns period=10.000ns})
  Destination:            output_array[13]
                            (output port)
  Path Group:             (none)
  Path Type:              Max at Slow Process Corner
  Data Path Delay:        8.897ns  (logic 3.963ns (44.546%)  route 4.934ns (55.454%))
  Logic Levels:           1  (OBUF=1)
  Clock Uncertainty:      0.025ns  ((TSJ^2 + TIJ^2)^1/2 + DJ) / 2 + PE
    Total System Jitter     (TSJ):    0.050ns
    Total Input Jitter      (TIJ):    0.000ns
    Discrete Jitter          (DJ):    0.000ns
    Phase Error              (PE):    0.000ns

    Location             Delay type                Incr(ns)  Path(ns)    Netlist Resource(s)
  -------------------------------------------------------------------    -------------------
                         (clock sys_clk_pin rise edge)
                                                      0.000     0.000 r  
    W5                                                0.000     0.000 r  clk (IN)
                         net (fo=0)                   0.000     0.000    clk
    W5                   IBUF (Prop_ibuf_I_O)         1.458     1.458 r  clk_IBUF_inst/O
                         net (fo=1, routed)           1.967     3.425    clk_IBUF
    BUFGCTRL_X0Y0        BUFG (Prop_bufg_I_O)         0.096     3.521 r  clk_IBUF_BUFG_inst/O
                         net (fo=19, routed)          1.620     5.141    clk_IBUF_BUFG
    SLICE_X1Y23          FDCE                                         r  output_array_reg[13]/C
  -------------------------------------------------------------------    -------------------
    SLICE_X1Y23          FDCE (Prop_fdce_C_Q)         0.456     5.597 r  output_array_reg[13]/Q
                         net (fo=3, routed)           4.934    10.531    output_array_OBUF[13]
    N3                   OBUF (Prop_obuf_I_O)         3.507    14.039 r  output_array_OBUF[13]_inst/O
                         net (fo=0)                   0.000    14.039    output_array[13]
    N3                                                                r  output_array[13] (OUT)
  -------------------------------------------------------------------    -------------------

Slack:                    inf
  Source:                 output_array_reg[14]/C
                            (rising edge-triggered cell FDCE clocked by sys_clk_pin  {rise@0.000ns fall@5.000ns period=10.000ns})
  Destination:            output_array[14]
                            (output port)
  Path Group:             (none)
  Path Type:              Max at Slow Process Corner
  Data Path Delay:        8.567ns  (logic 3.971ns (46.359%)  route 4.595ns (53.641%))
  Logic Levels:           1  (OBUF=1)
  Clock Uncertainty:      0.025ns  ((TSJ^2 + TIJ^2)^1/2 + DJ) / 2 + PE
    Total System Jitter     (TSJ):    0.050ns
    Total Input Jitter      (TIJ):    0.000ns
    Discrete Jitter          (DJ):    0.000ns
    Phase Error              (PE):    0.000ns

    Location             Delay type                Incr(ns)  Path(ns)    Netlist Resource(s)
  -------------------------------------------------------------------    -------------------
                         (clock sys_clk_pin rise edge)
                                                      0.000     0.000 r  
    W5                                                0.000     0.000 r  clk (IN)
                         net (fo=0)                   0.000     0.000    clk
    W5                   IBUF (Prop_ibuf_I_O)         1.458     1.458 r  clk_IBUF_inst/O
                         net (fo=1, routed)           1.967     3.425    clk_IBUF
    BUFGCTRL_X0Y0        BUFG (Prop_bufg_I_O)         0.096     3.521 r  clk_IBUF_BUFG_inst/O
                         net (fo=19, routed)          1.620     5.141    clk_IBUF_BUFG
    SLICE_X1Y23          FDCE                                         r  output_array_reg[14]/C
  -------------------------------------------------------------------    -------------------
    SLICE_X1Y23          FDCE (Prop_fdce_C_Q)         0.456     5.597 r  output_array_reg[14]/Q
                         net (fo=3, routed)           4.595    10.192    output_array_OBUF[14]
    P1                   OBUF (Prop_obuf_I_O)         3.515    13.708 r  output_array_OBUF[14]_inst/O
                         net (fo=0)                   0.000    13.708    output_array[14]
    P1                                                                r  output_array[14] (OUT)
  -------------------------------------------------------------------    -------------------

Slack:                    inf
  Source:                 output_array_reg[10]/C
                            (rising edge-triggered cell FDCE clocked by sys_clk_pin  {rise@0.000ns fall@5.000ns period=10.000ns})
  Destination:            output_array[10]
                            (output port)
  Path Group:             (none)
  Path Type:              Max at Slow Process Corner
  Data Path Delay:        8.080ns  (logic 3.981ns (49.277%)  route 4.098ns (50.723%))
  Logic Levels:           1  (OBUF=1)
  Clock Uncertainty:      0.025ns  ((TSJ^2 + TIJ^2)^1/2 + DJ) / 2 + PE
    Total System Jitter     (TSJ):    0.050ns
    Total Input Jitter      (TIJ):    0.000ns
    Discrete Jitter          (DJ):    0.000ns
    Phase Error              (PE):    0.000ns

    Location             Delay type                Incr(ns)  Path(ns)    Netlist Resource(s)
  -------------------------------------------------------------------    -------------------
                         (clock sys_clk_pin rise edge)
                                                      0.000     0.000 r  
    W5                                                0.000     0.000 r  clk (IN)
                         net (fo=0)                   0.000     0.000    clk
    W5                   IBUF (Prop_ibuf_I_O)         1.458     1.458 r  clk_IBUF_inst/O
                         net (fo=1, routed)           1.967     3.425    clk_IBUF
    BUFGCTRL_X0Y0        BUFG (Prop_bufg_I_O)         0.096     3.521 r  clk_IBUF_BUFG_inst/O
                         net (fo=19, routed)          1.621     5.142    clk_IBUF_BUFG
    SLICE_X1Y22          FDCE                                         r  output_array_reg[10]/C
  -------------------------------------------------------------------    -------------------
    SLICE_X1Y22          FDCE (Prop_fdce_C_Q)         0.456     5.598 r  output_array_reg[10]/Q
                         net (fo=3, routed)           4.098     9.697    output_array_OBUF[10]
    W3                   OBUF (Prop_obuf_I_O)         3.525    13.222 r  output_array_OBUF[10]_inst/O
                         net (fo=0)                   0.000    13.222    output_array[10]
    W3                                                                r  output_array[10] (OUT)
  -------------------------------------------------------------------    -------------------

Slack:                    inf
  Source:                 output_array_reg[9]/C
                            (rising edge-triggered cell FDCE clocked by sys_clk_pin  {rise@0.000ns fall@5.000ns period=10.000ns})
  Destination:            output_array[9]
                            (output port)
  Path Group:             (none)
  Path Type:              Max at Slow Process Corner
  Data Path Delay:        8.065ns  (logic 3.964ns (49.154%)  route 4.101ns (50.846%))
  Logic Levels:           1  (OBUF=1)
  Clock Uncertainty:      0.025ns  ((TSJ^2 + TIJ^2)^1/2 + DJ) / 2 + PE
    Total System Jitter     (TSJ):    0.050ns
    Total Input Jitter      (TIJ):    0.000ns
    Discrete Jitter          (DJ):    0.000ns
    Phase Error              (PE):    0.000ns

    Location             Delay type                Incr(ns)  Path(ns)    Netlist Resource(s)
  -------------------------------------------------------------------    -------------------
                         (clock sys_clk_pin rise edge)
                                                      0.000     0.000 r  
    W5                                                0.000     0.000 r  clk (IN)
                         net (fo=0)                   0.000     0.000    clk
    W5                   IBUF (Prop_ibuf_I_O)         1.458     1.458 r  clk_IBUF_inst/O
                         net (fo=1, routed)           1.967     3.425    clk_IBUF
    BUFGCTRL_X0Y0        BUFG (Prop_bufg_I_O)         0.096     3.521 r  clk_IBUF_BUFG_inst/O
                         net (fo=19, routed)          1.621     5.142    clk_IBUF_BUFG
    SLICE_X1Y22          FDCE                                         r  output_array_reg[9]/C
  -------------------------------------------------------------------    -------------------
    SLICE_X1Y22          FDCE (Prop_fdce_C_Q)         0.456     5.598 r  output_array_reg[9]/Q
                         net (fo=3, routed)           4.101     9.699    output_array_OBUF[9]
    V3                   OBUF (Prop_obuf_I_O)         3.508    13.207 r  output_array_OBUF[9]_inst/O
                         net (fo=0)                   0.000    13.207    output_array[9]
    V3                                                                r  output_array[9] (OUT)
  -------------------------------------------------------------------    -------------------

Slack:                    inf
  Source:                 output_array_reg[11]/C
                            (rising edge-triggered cell FDCE clocked by sys_clk_pin  {rise@0.000ns fall@5.000ns period=10.000ns})
  Destination:            output_array[11]
                            (output port)
  Path Group:             (none)
  Path Type:              Max at Slow Process Corner
  Data Path Delay:        7.264ns  (logic 3.960ns (54.510%)  route 3.305ns (45.490%))
  Logic Levels:           1  (OBUF=1)
  Clock Uncertainty:      0.025ns  ((TSJ^2 + TIJ^2)^1/2 + DJ) / 2 + PE
    Total System Jitter     (TSJ):    0.050ns
    Total Input Jitter      (TIJ):    0.000ns
    Discrete Jitter          (DJ):    0.000ns
    Phase Error              (PE):    0.000ns

    Location             Delay type                Incr(ns)  Path(ns)    Netlist Resource(s)
  -------------------------------------------------------------------    -------------------
                         (clock sys_clk_pin rise edge)
                                                      0.000     0.000 r  
    W5                                                0.000     0.000 r  clk (IN)
                         net (fo=0)                   0.000     0.000    clk
    W5                   IBUF (Prop_ibuf_I_O)         1.458     1.458 r  clk_IBUF_inst/O
                         net (fo=1, routed)           1.967     3.425    clk_IBUF
    BUFGCTRL_X0Y0        BUFG (Prop_bufg_I_O)         0.096     3.521 r  clk_IBUF_BUFG_inst/O
                         net (fo=19, routed)          1.621     5.142    clk_IBUF_BUFG
    SLICE_X1Y22          FDCE                                         r  output_array_reg[11]/C
  -------------------------------------------------------------------    -------------------
    SLICE_X1Y22          FDCE (Prop_fdce_C_Q)         0.456     5.598 r  output_array_reg[11]/Q
                         net (fo=3, routed)           3.305     8.903    output_array_OBUF[11]
    U3                   OBUF (Prop_obuf_I_O)         3.504    12.406 r  output_array_OBUF[11]_inst/O
                         net (fo=0)                   0.000    12.406    output_array[11]
    U3                                                                r  output_array[11] (OUT)
  -------------------------------------------------------------------    -------------------

Slack:                    inf
  Source:                 output_array_reg[6]/C
                            (rising edge-triggered cell FDCE clocked by sys_clk_pin  {rise@0.000ns fall@5.000ns period=10.000ns})
  Destination:            output_array[6]
                            (output port)
  Path Group:             (none)
  Path Type:              Max at Slow Process Corner
  Data Path Delay:        6.443ns  (logic 3.962ns (61.496%)  route 2.481ns (38.504%))
  Logic Levels:           1  (OBUF=1)
  Clock Uncertainty:      0.025ns  ((TSJ^2 + TIJ^2)^1/2 + DJ) / 2 + PE
    Total System Jitter     (TSJ):    0.050ns
    Total Input Jitter      (TIJ):    0.000ns
    Discrete Jitter          (DJ):    0.000ns
    Phase Error              (PE):    0.000ns

    Location             Delay type                Incr(ns)  Path(ns)    Netlist Resource(s)
  -------------------------------------------------------------------    -------------------
                         (clock sys_clk_pin rise edge)
                                                      0.000     0.000 r  
    W5                                                0.000     0.000 r  clk (IN)
                         net (fo=0)                   0.000     0.000    clk
    W5                   IBUF (Prop_ibuf_I_O)         1.458     1.458 r  clk_IBUF_inst/O
                         net (fo=1, routed)           1.967     3.425    clk_IBUF
    BUFGCTRL_X0Y0        BUFG (Prop_bufg_I_O)         0.096     3.521 r  clk_IBUF_BUFG_inst/O
                         net (fo=19, routed)          1.624     5.145    clk_IBUF_BUFG
    SLICE_X1Y21          FDCE                                         r  output_array_reg[6]/C
  -------------------------------------------------------------------    -------------------
    SLICE_X1Y21          FDCE (Prop_fdce_C_Q)         0.456     5.601 r  output_array_reg[6]/Q
                         net (fo=3, routed)           2.481     8.082    output_array_OBUF[6]
    U14                  OBUF (Prop_obuf_I_O)         3.506    11.588 r  output_array_OBUF[6]_inst/O
                         net (fo=0)                   0.000    11.588    output_array[6]
    U14                                                               r  output_array[6] (OUT)
  -------------------------------------------------------------------    -------------------

Slack:                    inf
  Source:                 output_array_reg[7]/C
                            (rising edge-triggered cell FDCE clocked by sys_clk_pin  {rise@0.000ns fall@5.000ns period=10.000ns})
  Destination:            output_array[7]
                            (output port)
  Path Group:             (none)
  Path Type:              Max at Slow Process Corner
  Data Path Delay:        6.405ns  (logic 3.957ns (61.779%)  route 2.448ns (38.221%))
  Logic Levels:           1  (OBUF=1)
  Clock Uncertainty:      0.025ns  ((TSJ^2 + TIJ^2)^1/2 + DJ) / 2 + PE
    Total System Jitter     (TSJ):    0.050ns
    Total Input Jitter      (TIJ):    0.000ns
    Discrete Jitter          (DJ):    0.000ns
    Phase Error              (PE):    0.000ns

    Location             Delay type                Incr(ns)  Path(ns)    Netlist Resource(s)
  -------------------------------------------------------------------    -------------------
                         (clock sys_clk_pin rise edge)
                                                      0.000     0.000 r  
    W5                                                0.000     0.000 r  clk (IN)
                         net (fo=0)                   0.000     0.000    clk
    W5                   IBUF (Prop_ibuf_I_O)         1.458     1.458 r  clk_IBUF_inst/O
                         net (fo=1, routed)           1.967     3.425    clk_IBUF
    BUFGCTRL_X0Y0        BUFG (Prop_bufg_I_O)         0.096     3.521 r  clk_IBUF_BUFG_inst/O
                         net (fo=19, routed)          1.624     5.145    clk_IBUF_BUFG
    SLICE_X1Y21          FDCE                                         r  output_array_reg[7]/C
  -------------------------------------------------------------------    -------------------
    SLICE_X1Y21          FDCE (Prop_fdce_C_Q)         0.456     5.601 r  output_array_reg[7]/Q
                         net (fo=3, routed)           2.448     8.049    output_array_OBUF[7]
    V14                  OBUF (Prop_obuf_I_O)         3.501    11.550 r  output_array_OBUF[7]_inst/O
                         net (fo=0)                   0.000    11.550    output_array[7]
    V14                                                               r  output_array[7] (OUT)
  -------------------------------------------------------------------    -------------------

Slack:                    inf
  Source:                 output_array_reg[1]/C
                            (rising edge-triggered cell FDCE clocked by sys_clk_pin  {rise@0.000ns fall@5.000ns period=10.000ns})
  Destination:            output_array[1]
                            (output port)
  Path Group:             (none)
  Path Type:              Max at Slow Process Corner
  Data Path Delay:        6.348ns  (logic 3.986ns (62.788%)  route 2.362ns (37.212%))
  Logic Levels:           1  (OBUF=1)
  Clock Uncertainty:      0.025ns  ((TSJ^2 + TIJ^2)^1/2 + DJ) / 2 + PE
    Total System Jitter     (TSJ):    0.050ns
    Total Input Jitter      (TIJ):    0.000ns
    Discrete Jitter          (DJ):    0.000ns
    Phase Error              (PE):    0.000ns

    Location             Delay type                Incr(ns)  Path(ns)    Netlist Resource(s)
  -------------------------------------------------------------------    -------------------
                         (clock sys_clk_pin rise edge)
                                                      0.000     0.000 r  
    W5                                                0.000     0.000 r  clk (IN)
                         net (fo=0)                   0.000     0.000    clk
    W5                   IBUF (Prop_ibuf_I_O)         1.458     1.458 r  clk_IBUF_inst/O
                         net (fo=1, routed)           1.967     3.425    clk_IBUF
    BUFGCTRL_X0Y0        BUFG (Prop_bufg_I_O)         0.096     3.521 r  clk_IBUF_BUFG_inst/O
                         net (fo=19, routed)          1.625     5.146    clk_IBUF_BUFG
    SLICE_X1Y20          FDCE                                         r  output_array_reg[1]/C
  -------------------------------------------------------------------    -------------------
    SLICE_X1Y20          FDCE (Prop_fdce_C_Q)         0.456     5.602 r  output_array_reg[1]/Q
                         net (fo=3, routed)           2.362     7.964    output_array_OBUF[1]
    E19                  OBUF (Prop_obuf_I_O)         3.530    11.494 r  output_array_OBUF[1]_inst/O
                         net (fo=0)                   0.000    11.494    output_array[1]
    E19                                                               r  output_array[1] (OUT)
  -------------------------------------------------------------------    -------------------





Min Delay Paths
--------------------------------------------------------------------------------------
Slack:                    inf
  Source:                 output_array_reg[2]/C
                            (rising edge-triggered cell FDCE clocked by sys_clk_pin  {rise@0.000ns fall@5.000ns period=10.000ns})
  Destination:            output_array[2]
                            (output port)
  Path Group:             (none)
  Path Type:              Min at Fast Process Corner
  Data Path Delay:        1.686ns  (logic 1.343ns (79.648%)  route 0.343ns (20.352%))
  Logic Levels:           1  (OBUF=1)
  Clock Uncertainty:      0.025ns  ((TSJ^2 + TIJ^2)^1/2 + DJ) / 2 + PE
    Total System Jitter     (TSJ):    0.050ns
    Total Input Jitter      (TIJ):    0.000ns
    Discrete Jitter          (DJ):    0.000ns
    Phase Error              (PE):    0.000ns

    Location             Delay type                Incr(ns)  Path(ns)    Netlist Resource(s)
  -------------------------------------------------------------------    -------------------
                         (clock sys_clk_pin rise edge)
                                                      0.000     0.000 r  
    W5                                                0.000     0.000 r  clk (IN)
                         net (fo=0)                   0.000     0.000    clk
    W5                   IBUF (Prop_ibuf_I_O)         0.226     0.226 r  clk_IBUF_inst/O
                         net (fo=1, routed)           0.631     0.858    clk_IBUF
    BUFGCTRL_X0Y0        BUFG (Prop_bufg_I_O)         0.026     0.884 r  clk_IBUF_BUFG_inst/O
                         net (fo=19, routed)          0.586     1.469    clk_IBUF_BUFG
    SLICE_X1Y20          FDCE                                         r  output_array_reg[2]/C
  -------------------------------------------------------------------    -------------------
    SLICE_X1Y20          FDCE (Prop_fdce_C_Q)         0.141     1.610 r  output_array_reg[2]/Q
                         net (fo=3, routed)           0.343     1.953    output_array_OBUF[2]
    U19                  OBUF (Prop_obuf_I_O)         1.202     3.155 r  output_array_OBUF[2]_inst/O
                         net (fo=0)                   0.000     3.155    output_array[2]
    U19                                                               r  output_array[2] (OUT)
  -------------------------------------------------------------------    -------------------

Slack:                    inf
  Source:                 output_array_reg[4]/C
                            (rising edge-triggered cell FDCE clocked by sys_clk_pin  {rise@0.000ns fall@5.000ns period=10.000ns})
  Destination:            output_array[4]
                            (output port)
  Path Group:             (none)
  Path Type:              Min at Fast Process Corner
  Data Path Delay:        1.714ns  (logic 1.351ns (78.798%)  route 0.363ns (21.202%))
  Logic Levels:           1  (OBUF=1)
  Clock Uncertainty:      0.025ns  ((TSJ^2 + TIJ^2)^1/2 + DJ) / 2 + PE
    Total System Jitter     (TSJ):    0.050ns
    Total Input Jitter      (TIJ):    0.000ns
    Discrete Jitter          (DJ):    0.000ns
    Phase Error              (PE):    0.000ns

    Location             Delay type                Incr(ns)  Path(ns)    Netlist Resource(s)
  -------------------------------------------------------------------    -------------------
                         (clock sys_clk_pin rise edge)
                                                      0.000     0.000 r  
    W5                                                0.000     0.000 r  clk (IN)
                         net (fo=0)                   0.000     0.000    clk
    W5                   IBUF (Prop_ibuf_I_O)         0.226     0.226 r  clk_IBUF_inst/O
                         net (fo=1, routed)           0.631     0.858    clk_IBUF
    BUFGCTRL_X0Y0        BUFG (Prop_bufg_I_O)         0.026     0.884 r  clk_IBUF_BUFG_inst/O
                         net (fo=19, routed)          0.585     1.468    clk_IBUF_BUFG
    SLICE_X1Y21          FDCE                                         r  output_array_reg[4]/C
  -------------------------------------------------------------------    -------------------
    SLICE_X1Y21          FDCE (Prop_fdce_C_Q)         0.141     1.609 r  output_array_reg[4]/Q
                         net (fo=3, routed)           0.363     1.973    output_array_OBUF[4]
    W18                  OBUF (Prop_obuf_I_O)         1.210     3.182 r  output_array_OBUF[4]_inst/O
                         net (fo=0)                   0.000     3.182    output_array[4]
    W18                                                               r  output_array[4] (OUT)
  -------------------------------------------------------------------    -------------------

Slack:                    inf
  Source:                 output_array_reg[3]/C
                            (rising edge-triggered cell FDCE clocked by sys_clk_pin  {rise@0.000ns fall@5.000ns period=10.000ns})
  Destination:            output_array[3]
                            (output port)
  Path Group:             (none)
  Path Type:              Min at Fast Process Corner
  Data Path Delay:        1.766ns  (logic 1.351ns (76.519%)  route 0.415ns (23.481%))
  Logic Levels:           1  (OBUF=1)
  Clock Uncertainty:      0.025ns  ((TSJ^2 + TIJ^2)^1/2 + DJ) / 2 + PE
    Total System Jitter     (TSJ):    0.050ns
    Total Input Jitter      (TIJ):    0.000ns
    Discrete Jitter          (DJ):    0.000ns
    Phase Error              (PE):    0.000ns

    Location             Delay type                Incr(ns)  Path(ns)    Netlist Resource(s)
  -------------------------------------------------------------------    -------------------
                         (clock sys_clk_pin rise edge)
                                                      0.000     0.000 r  
    W5                                                0.000     0.000 r  clk (IN)
                         net (fo=0)                   0.000     0.000    clk
    W5                   IBUF (Prop_ibuf_I_O)         0.226     0.226 r  clk_IBUF_inst/O
                         net (fo=1, routed)           0.631     0.858    clk_IBUF
    BUFGCTRL_X0Y0        BUFG (Prop_bufg_I_O)         0.026     0.884 r  clk_IBUF_BUFG_inst/O
                         net (fo=19, routed)          0.586     1.469    clk_IBUF_BUFG
    SLICE_X1Y20          FDCE                                         r  output_array_reg[3]/C
  -------------------------------------------------------------------    -------------------
    SLICE_X1Y20          FDCE (Prop_fdce_C_Q)         0.141     1.610 r  output_array_reg[3]/Q
                         net (fo=3, routed)           0.415     2.025    output_array_OBUF[3]
    V19                  OBUF (Prop_obuf_I_O)         1.210     3.235 r  output_array_OBUF[3]_inst/O
                         net (fo=0)                   0.000     3.235    output_array[3]
    V19                                                               r  output_array[3] (OUT)
  -------------------------------------------------------------------    -------------------

Slack:                    inf
  Source:                 output_array_reg[5]/C
                            (rising edge-triggered cell FDCE clocked by sys_clk_pin  {rise@0.000ns fall@5.000ns period=10.000ns})
  Destination:            output_array[5]
                            (output port)
  Path Group:             (none)
  Path Type:              Min at Fast Process Corner
  Data Path Delay:        1.908ns  (logic 1.357ns (71.096%)  route 0.552ns (28.904%))
  Logic Levels:           1  (OBUF=1)
  Clock Uncertainty:      0.025ns  ((TSJ^2 + TIJ^2)^1/2 + DJ) / 2 + PE
    Total System Jitter     (TSJ):    0.050ns
    Total Input Jitter      (TIJ):    0.000ns
    Discrete Jitter          (DJ):    0.000ns
    Phase Error              (PE):    0.000ns

    Location             Delay type                Incr(ns)  Path(ns)    Netlist Resource(s)
  -------------------------------------------------------------------    -------------------
                         (clock sys_clk_pin rise edge)
                                                      0.000     0.000 r  
    W5                                                0.000     0.000 r  clk (IN)
                         net (fo=0)                   0.000     0.000    clk
    W5                   IBUF (Prop_ibuf_I_O)         0.226     0.226 r  clk_IBUF_inst/O
                         net (fo=1, routed)           0.631     0.858    clk_IBUF
    BUFGCTRL_X0Y0        BUFG (Prop_bufg_I_O)         0.026     0.884 r  clk_IBUF_BUFG_inst/O
                         net (fo=19, routed)          0.585     1.468    clk_IBUF_BUFG
    SLICE_X1Y21          FDCE                                         r  output_array_reg[5]/C
  -------------------------------------------------------------------    -------------------
    SLICE_X1Y21          FDCE (Prop_fdce_C_Q)         0.141     1.609 r  output_array_reg[5]/Q
                         net (fo=3, routed)           0.552     2.161    output_array_OBUF[5]
    U15                  OBUF (Prop_obuf_I_O)         1.216     3.376 r  output_array_OBUF[5]_inst/O
                         net (fo=0)                   0.000     3.376    output_array[5]
    U15                                                               r  output_array[5] (OUT)
  -------------------------------------------------------------------    -------------------

Slack:                    inf
  Source:                 output_array_reg[0]/C
                            (rising edge-triggered cell FDCE clocked by sys_clk_pin  {rise@0.000ns fall@5.000ns period=10.000ns})
  Destination:            output_array[0]
                            (output port)
  Path Group:             (none)
  Path Type:              Min at Fast Process Corner
  Data Path Delay:        1.959ns  (logic 1.347ns (68.740%)  route 0.613ns (31.260%))
  Logic Levels:           1  (OBUF=1)
  Clock Uncertainty:      0.025ns  ((TSJ^2 + TIJ^2)^1/2 + DJ) / 2 + PE
    Total System Jitter     (TSJ):    0.050ns
    Total Input Jitter      (TIJ):    0.000ns
    Discrete Jitter          (DJ):    0.000ns
    Phase Error              (PE):    0.000ns

    Location             Delay type                Incr(ns)  Path(ns)    Netlist Resource(s)
  -------------------------------------------------------------------    -------------------
                         (clock sys_clk_pin rise edge)
                                                      0.000     0.000 r  
    W5                                                0.000     0.000 r  clk (IN)
                         net (fo=0)                   0.000     0.000    clk
    W5                   IBUF (Prop_ibuf_I_O)         0.226     0.226 r  clk_IBUF_inst/O
                         net (fo=1, routed)           0.631     0.858    clk_IBUF
    BUFGCTRL_X0Y0        BUFG (Prop_bufg_I_O)         0.026     0.884 r  clk_IBUF_BUFG_inst/O
                         net (fo=19, routed)          0.586     1.469    clk_IBUF_BUFG
    SLICE_X1Y20          FDCE                                         r  output_array_reg[0]/C
  -------------------------------------------------------------------    -------------------
    SLICE_X1Y20          FDCE (Prop_fdce_C_Q)         0.141     1.610 r  output_array_reg[0]/Q
                         net (fo=3, routed)           0.613     2.223    output_array_OBUF[0]
    U16                  OBUF (Prop_obuf_I_O)         1.206     3.429 r  output_array_OBUF[0]_inst/O
                         net (fo=0)                   0.000     3.429    output_array[0]
    U16                                                               r  output_array[0] (OUT)
  -------------------------------------------------------------------    -------------------

Slack:                    inf
  Source:                 output_array_reg[8]/C
                            (rising edge-triggered cell FDCE clocked by sys_clk_pin  {rise@0.000ns fall@5.000ns period=10.000ns})
  Destination:            output_array[8]
                            (output port)
  Path Group:             (none)
  Path Type:              Min at Fast Process Corner
  Data Path Delay:        1.969ns  (logic 1.346ns (68.366%)  route 0.623ns (31.634%))
  Logic Levels:           1  (OBUF=1)
  Clock Uncertainty:      0.025ns  ((TSJ^2 + TIJ^2)^1/2 + DJ) / 2 + PE
    Total System Jitter     (TSJ):    0.050ns
    Total Input Jitter      (TIJ):    0.000ns
    Discrete Jitter          (DJ):    0.000ns
    Phase Error              (PE):    0.000ns

    Location             Delay type                Incr(ns)  Path(ns)    Netlist Resource(s)
  -------------------------------------------------------------------    -------------------
                         (clock sys_clk_pin rise edge)
                                                      0.000     0.000 r  
    W5                                                0.000     0.000 r  clk (IN)
                         net (fo=0)                   0.000     0.000    clk
    W5                   IBUF (Prop_ibuf_I_O)         0.226     0.226 r  clk_IBUF_inst/O
                         net (fo=1, routed)           0.631     0.858    clk_IBUF
    BUFGCTRL_X0Y0        BUFG (Prop_bufg_I_O)         0.026     0.884 r  clk_IBUF_BUFG_inst/O
                         net (fo=19, routed)          0.585     1.468    clk_IBUF_BUFG
    SLICE_X1Y22          FDCE                                         r  output_array_reg[8]/C
  -------------------------------------------------------------------    -------------------
    SLICE_X1Y22          FDCE (Prop_fdce_C_Q)         0.141     1.609 r  output_array_reg[8]/Q
                         net (fo=3, routed)           0.623     2.232    output_array_OBUF[8]
    V13                  OBUF (Prop_obuf_I_O)         1.205     3.437 r  output_array_OBUF[8]_inst/O
                         net (fo=0)                   0.000     3.437    output_array[8]
    V13                                                               r  output_array[8] (OUT)
  -------------------------------------------------------------------    -------------------

Slack:                    inf
  Source:                 output_array_reg[1]/C
                            (rising edge-triggered cell FDCE clocked by sys_clk_pin  {rise@0.000ns fall@5.000ns period=10.000ns})
  Destination:            output_array[1]
                            (output port)
  Path Group:             (none)
  Path Type:              Min at Fast Process Corner
  Data Path Delay:        2.022ns  (logic 1.372ns (67.843%)  route 0.650ns (32.157%))
  Logic Levels:           1  (OBUF=1)
  Clock Uncertainty:      0.025ns  ((TSJ^2 + TIJ^2)^1/2 + DJ) / 2 + PE
    Total System Jitter     (TSJ):    0.050ns
    Total Input Jitter      (TIJ):    0.000ns
    Discrete Jitter          (DJ):    0.000ns
    Phase Error              (PE):    0.000ns

    Location             Delay type                Incr(ns)  Path(ns)    Netlist Resource(s)
  -------------------------------------------------------------------    -------------------
                         (clock sys_clk_pin rise edge)
                                                      0.000     0.000 r  
    W5                                                0.000     0.000 r  clk (IN)
                         net (fo=0)                   0.000     0.000    clk
    W5                   IBUF (Prop_ibuf_I_O)         0.226     0.226 r  clk_IBUF_inst/O
                         net (fo=1, routed)           0.631     0.858    clk_IBUF
    BUFGCTRL_X0Y0        BUFG (Prop_bufg_I_O)         0.026     0.884 r  clk_IBUF_BUFG_inst/O
                         net (fo=19, routed)          0.586     1.469    clk_IBUF_BUFG
    SLICE_X1Y20          FDCE                                         r  output_array_reg[1]/C
  -------------------------------------------------------------------    -------------------
    SLICE_X1Y20          FDCE (Prop_fdce_C_Q)         0.141     1.610 r  output_array_reg[1]/Q
                         net (fo=3, routed)           0.650     2.260    output_array_OBUF[1]
    E19                  OBUF (Prop_obuf_I_O)         1.231     3.491 r  output_array_OBUF[1]_inst/O
                         net (fo=0)                   0.000     3.491    output_array[1]
    E19                                                               r  output_array[1] (OUT)
  -------------------------------------------------------------------    -------------------

Slack:                    inf
  Source:                 output_array_reg[7]/C
                            (rising edge-triggered cell FDCE clocked by sys_clk_pin  {rise@0.000ns fall@5.000ns period=10.000ns})
  Destination:            output_array[7]
                            (output port)
  Path Group:             (none)
  Path Type:              Min at Fast Process Corner
  Data Path Delay:        2.023ns  (logic 1.343ns (66.388%)  route 0.680ns (33.612%))
  Logic Levels:           1  (OBUF=1)
  Clock Uncertainty:      0.025ns  ((TSJ^2 + TIJ^2)^1/2 + DJ) / 2 + PE
    Total System Jitter     (TSJ):    0.050ns
    Total Input Jitter      (TIJ):    0.000ns
    Discrete Jitter          (DJ):    0.000ns
    Phase Error              (PE):    0.000ns

    Location             Delay type                Incr(ns)  Path(ns)    Netlist Resource(s)
  -------------------------------------------------------------------    -------------------
                         (clock sys_clk_pin rise edge)
                                                      0.000     0.000 r  
    W5                                                0.000     0.000 r  clk (IN)
                         net (fo=0)                   0.000     0.000    clk
    W5                   IBUF (Prop_ibuf_I_O)         0.226     0.226 r  clk_IBUF_inst/O
                         net (fo=1, routed)           0.631     0.858    clk_IBUF
    BUFGCTRL_X0Y0        BUFG (Prop_bufg_I_O)         0.026     0.884 r  clk_IBUF_BUFG_inst/O
                         net (fo=19, routed)          0.585     1.468    clk_IBUF_BUFG
    SLICE_X1Y21          FDCE                                         r  output_array_reg[7]/C
  -------------------------------------------------------------------    -------------------
    SLICE_X1Y21          FDCE (Prop_fdce_C_Q)         0.141     1.609 r  output_array_reg[7]/Q
                         net (fo=3, routed)           0.680     2.289    output_array_OBUF[7]
    V14                  OBUF (Prop_obuf_I_O)         1.202     3.491 r  output_array_OBUF[7]_inst/O
                         net (fo=0)                   0.000     3.491    output_array[7]
    V14                                                               r  output_array[7] (OUT)
  -------------------------------------------------------------------    -------------------

Slack:                    inf
  Source:                 output_array_reg[6]/C
                            (rising edge-triggered cell FDCE clocked by sys_clk_pin  {rise@0.000ns fall@5.000ns period=10.000ns})
  Destination:            output_array[6]
                            (output port)
  Path Group:             (none)
  Path Type:              Min at Fast Process Corner
  Data Path Delay:        2.029ns  (logic 1.348ns (66.448%)  route 0.681ns (33.552%))
  Logic Levels:           1  (OBUF=1)
  Clock Uncertainty:      0.025ns  ((TSJ^2 + TIJ^2)^1/2 + DJ) / 2 + PE
    Total System Jitter     (TSJ):    0.050ns
    Total Input Jitter      (TIJ):    0.000ns
    Discrete Jitter          (DJ):    0.000ns
    Phase Error              (PE):    0.000ns

    Location             Delay type                Incr(ns)  Path(ns)    Netlist Resource(s)
  -------------------------------------------------------------------    -------------------
                         (clock sys_clk_pin rise edge)
                                                      0.000     0.000 r  
    W5                                                0.000     0.000 r  clk (IN)
                         net (fo=0)                   0.000     0.000    clk
    W5                   IBUF (Prop_ibuf_I_O)         0.226     0.226 r  clk_IBUF_inst/O
                         net (fo=1, routed)           0.631     0.858    clk_IBUF
    BUFGCTRL_X0Y0        BUFG (Prop_bufg_I_O)         0.026     0.884 r  clk_IBUF_BUFG_inst/O
                         net (fo=19, routed)          0.585     1.468    clk_IBUF_BUFG
    SLICE_X1Y21          FDCE                                         r  output_array_reg[6]/C
  -------------------------------------------------------------------    -------------------
    SLICE_X1Y21          FDCE (Prop_fdce_C_Q)         0.141     1.609 r  output_array_reg[6]/Q
                         net (fo=3, routed)           0.681     2.290    output_array_OBUF[6]
    U14                  OBUF (Prop_obuf_I_O)         1.207     3.497 r  output_array_OBUF[6]_inst/O
                         net (fo=0)                   0.000     3.497    output_array[6]
    U14                                                               r  output_array[6] (OUT)
  -------------------------------------------------------------------    -------------------

Slack:                    inf
  Source:                 output_array_reg[11]/C
                            (rising edge-triggered cell FDCE clocked by sys_clk_pin  {rise@0.000ns fall@5.000ns period=10.000ns})
  Destination:            output_array[11]
                            (output port)
  Path Group:             (none)
  Path Type:              Min at Fast Process Corner
  Data Path Delay:        2.486ns  (logic 1.346ns (54.130%)  route 1.141ns (45.870%))
  Logic Levels:           1  (OBUF=1)
  Clock Uncertainty:      0.025ns  ((TSJ^2 + TIJ^2)^1/2 + DJ) / 2 + PE
    Total System Jitter     (TSJ):    0.050ns
    Total Input Jitter      (TIJ):    0.000ns
    Discrete Jitter          (DJ):    0.000ns
    Phase Error              (PE):    0.000ns

    Location             Delay type                Incr(ns)  Path(ns)    Netlist Resource(s)
  -------------------------------------------------------------------    -------------------
                         (clock sys_clk_pin rise edge)
                                                      0.000     0.000 r  
    W5                                                0.000     0.000 r  clk (IN)
                         net (fo=0)                   0.000     0.000    clk
    W5                   IBUF (Prop_ibuf_I_O)         0.226     0.226 r  clk_IBUF_inst/O
                         net (fo=1, routed)           0.631     0.858    clk_IBUF
    BUFGCTRL_X0Y0        BUFG (Prop_bufg_I_O)         0.026     0.884 r  clk_IBUF_BUFG_inst/O
                         net (fo=19, routed)          0.585     1.468    clk_IBUF_BUFG
    SLICE_X1Y22          FDCE                                         r  output_array_reg[11]/C
  -------------------------------------------------------------------    -------------------
    SLICE_X1Y22          FDCE (Prop_fdce_C_Q)         0.141     1.609 r  output_array_reg[11]/Q
                         net (fo=3, routed)           1.141     2.750    output_array_OBUF[11]
    U3                   OBUF (Prop_obuf_I_O)         1.205     3.955 r  output_array_OBUF[11]_inst/O
                         net (fo=0)                   0.000     3.955    output_array[11]
    U3                                                                r  output_array[11] (OUT)
  -------------------------------------------------------------------    -------------------





--------------------------------------------------------------------------------------
Path Group:  (none)
From Clock:  
  To Clock:  sys_clk_pin

Max Delay            35 Endpoints
Min Delay            35 Endpoints
--------------------------------------------------------------------------------------


Max Delay Paths
--------------------------------------------------------------------------------------
Slack:                    inf
  Source:                 b[6]
                            (input port)
  Destination:            output_array_reg[13]/D
                            (rising edge-triggered cell FDCE clocked by sys_clk_pin  {rise@0.000ns fall@5.000ns period=10.000ns})
  Path Group:             (none)
  Path Type:              Setup (Max at Slow Process Corner)
  Data Path Delay:        7.772ns  (logic 2.701ns (34.756%)  route 5.071ns (65.244%))
  Logic Levels:           6  (CARRY4=3 IBUF=1 LUT6=2)
  Clock Path Skew:        4.845ns (DCD - SCD + CPR)
    Destination Clock Delay (DCD):    4.845ns
    Source Clock Delay      (SCD):    0.000ns
    Clock Pessimism Removal (CPR):    0.000ns
  Clock Uncertainty:      0.025ns  ((TSJ^2 + TIJ^2)^1/2 + DJ) / 2 + PE
    Total System Jitter     (TSJ):    0.050ns
    Total Input Jitter      (TIJ):    0.000ns
    Discrete Jitter          (DJ):    0.000ns
    Phase Error              (PE):    0.000ns

    Location             Delay type                Incr(ns)  Path(ns)    Netlist Resource(s)
  -------------------------------------------------------------------    -------------------
    T1                                                0.000     0.000 r  b[6] (IN)
                         net (fo=0)                   0.000     0.000    b[6]
    T1                   IBUF (Prop_ibuf_I_O)         1.455     1.455 r  b_IBUF[6]_inst/O
                         net (fo=1, routed)           3.203     4.658    b_IBUF[6]
    SLICE_X28Y25         LUT6 (Prop_lut6_I1_O)        0.124     4.782 r  output_array[4]_i_6/O
                         net (fo=11, routed)          1.868     6.650    output_array[4]_i_6_n_0
    SLICE_X1Y21          LUT6 (Prop_lut6_I0_O)        0.124     6.774 r  output_array[4]_i_4/O
                         net (fo=1, routed)           0.000     6.774    output_array[4]_i_4_n_0
    SLICE_X1Y21          CARRY4 (Prop_carry4_S[1]_CO[3])
                                                      0.550     7.324 r  output_array_reg[4]_i_1/CO[3]
                         net (fo=1, routed)           0.000     7.324    output_array_reg[4]_i_1_n_0
    SLICE_X1Y22          CARRY4 (Prop_carry4_CI_CO[3])
                                                      0.114     7.438 r  output_array_reg[8]_i_1/CO[3]
                         net (fo=1, routed)           0.000     7.438    output_array_reg[8]_i_1_n_0
    SLICE_X1Y23          CARRY4 (Prop_carry4_CI_O[1])
                                                      0.334     7.772 r  output_array_reg[12]_i_1/O[1]
                         net (fo=1, routed)           0.000     7.772    output_array_reg[12]_i_1_n_6
    SLICE_X1Y23          FDCE                                         r  output_array_reg[13]/D
  -------------------------------------------------------------------    -------------------

                         (clock sys_clk_pin rise edge)
                                                      0.000     0.000 r  
    W5                                                0.000     0.000 r  clk (IN)
                         net (fo=0)                   0.000     0.000    clk
    W5                   IBUF (Prop_ibuf_I_O)         1.388     1.388 r  clk_IBUF_inst/O
                         net (fo=1, routed)           1.862     3.250    clk_IBUF
    BUFGCTRL_X0Y0        BUFG (Prop_bufg_I_O)         0.091     3.341 r  clk_IBUF_BUFG_inst/O
                         net (fo=19, routed)          1.504     4.845    clk_IBUF_BUFG
    SLICE_X1Y23          FDCE                                         r  output_array_reg[13]/C

Slack:                    inf
  Source:                 b[6]
                            (input port)
  Destination:            output_array_reg[15]/D
                            (rising edge-triggered cell FDCE clocked by sys_clk_pin  {rise@0.000ns fall@5.000ns period=10.000ns})
  Path Group:             (none)
  Path Type:              Setup (Max at Slow Process Corner)
  Data Path Delay:        7.751ns  (logic 2.680ns (34.580%)  route 5.071ns (65.420%))
  Logic Levels:           6  (CARRY4=3 IBUF=1 LUT6=2)
  Clock Path Skew:        4.845ns (DCD - SCD + CPR)
    Destination Clock Delay (DCD):    4.845ns
    Source Clock Delay      (SCD):    0.000ns
    Clock Pessimism Removal (CPR):    0.000ns
  Clock Uncertainty:      0.025ns  ((TSJ^2 + TIJ^2)^1/2 + DJ) / 2 + PE
    Total System Jitter     (TSJ):    0.050ns
    Total Input Jitter      (TIJ):    0.000ns
    Discrete Jitter          (DJ):    0.000ns
    Phase Error              (PE):    0.000ns

    Location             Delay type                Incr(ns)  Path(ns)    Netlist Resource(s)
  -------------------------------------------------------------------    -------------------
    T1                                                0.000     0.000 r  b[6] (IN)
                         net (fo=0)                   0.000     0.000    b[6]
    T1                   IBUF (Prop_ibuf_I_O)         1.455     1.455 r  b_IBUF[6]_inst/O
                         net (fo=1, routed)           3.203     4.658    b_IBUF[6]
    SLICE_X28Y25         LUT6 (Prop_lut6_I1_O)        0.124     4.782 r  output_array[4]_i_6/O
                         net (fo=11, routed)          1.868     6.650    output_array[4]_i_6_n_0
    SLICE_X1Y21          LUT6 (Prop_lut6_I0_O)        0.124     6.774 r  output_array[4]_i_4/O
                         net (fo=1, routed)           0.000     6.774    output_array[4]_i_4_n_0
    SLICE_X1Y21          CARRY4 (Prop_carry4_S[1]_CO[3])
                                                      0.550     7.324 r  output_array_reg[4]_i_1/CO[3]
                         net (fo=1, routed)           0.000     7.324    output_array_reg[4]_i_1_n_0
    SLICE_X1Y22          CARRY4 (Prop_carry4_CI_CO[3])
                                                      0.114     7.438 r  output_array_reg[8]_i_1/CO[3]
                         net (fo=1, routed)           0.000     7.438    output_array_reg[8]_i_1_n_0
    SLICE_X1Y23          CARRY4 (Prop_carry4_CI_O[3])
                                                      0.313     7.751 r  output_array_reg[12]_i_1/O[3]
                         net (fo=1, routed)           0.000     7.751    output_array_reg[12]_i_1_n_4
    SLICE_X1Y23          FDCE                                         r  output_array_reg[15]/D
  -------------------------------------------------------------------    -------------------

                         (clock sys_clk_pin rise edge)
                                                      0.000     0.000 r  
    W5                                                0.000     0.000 r  clk (IN)
                         net (fo=0)                   0.000     0.000    clk
    W5                   IBUF (Prop_ibuf_I_O)         1.388     1.388 r  clk_IBUF_inst/O
                         net (fo=1, routed)           1.862     3.250    clk_IBUF
    BUFGCTRL_X0Y0        BUFG (Prop_bufg_I_O)         0.091     3.341 r  clk_IBUF_BUFG_inst/O
                         net (fo=19, routed)          1.504     4.845    clk_IBUF_BUFG
    SLICE_X1Y23          FDCE                                         r  output_array_reg[15]/C

Slack:                    inf
  Source:                 b[6]
                            (input port)
  Destination:            output_array_reg[14]/D
                            (rising edge-triggered cell FDCE clocked by sys_clk_pin  {rise@0.000ns fall@5.000ns period=10.000ns})
  Path Group:             (none)
  Path Type:              Setup (Max at Slow Process Corner)
  Data Path Delay:        7.677ns  (logic 2.606ns (33.949%)  route 5.071ns (66.051%))
  Logic Levels:           6  (CARRY4=3 IBUF=1 LUT6=2)
  Clock Path Skew:        4.845ns (DCD - SCD + CPR)
    Destination Clock Delay (DCD):    4.845ns
    Source Clock Delay      (SCD):    0.000ns
    Clock Pessimism Removal (CPR):    0.000ns
  Clock Uncertainty:      0.025ns  ((TSJ^2 + TIJ^2)^1/2 + DJ) / 2 + PE
    Total System Jitter     (TSJ):    0.050ns
    Total Input Jitter      (TIJ):    0.000ns
    Discrete Jitter          (DJ):    0.000ns
    Phase Error              (PE):    0.000ns

    Location             Delay type                Incr(ns)  Path(ns)    Netlist Resource(s)
  -------------------------------------------------------------------    -------------------
    T1                                                0.000     0.000 r  b[6] (IN)
                         net (fo=0)                   0.000     0.000    b[6]
    T1                   IBUF (Prop_ibuf_I_O)         1.455     1.455 r  b_IBUF[6]_inst/O
                         net (fo=1, routed)           3.203     4.658    b_IBUF[6]
    SLICE_X28Y25         LUT6 (Prop_lut6_I1_O)        0.124     4.782 r  output_array[4]_i_6/O
                         net (fo=11, routed)          1.868     6.650    output_array[4]_i_6_n_0
    SLICE_X1Y21          LUT6 (Prop_lut6_I0_O)        0.124     6.774 r  output_array[4]_i_4/O
                         net (fo=1, routed)           0.000     6.774    output_array[4]_i_4_n_0
    SLICE_X1Y21          CARRY4 (Prop_carry4_S[1]_CO[3])
                                                      0.550     7.324 r  output_array_reg[4]_i_1/CO[3]
                         net (fo=1, routed)           0.000     7.324    output_array_reg[4]_i_1_n_0
    SLICE_X1Y22          CARRY4 (Prop_carry4_CI_CO[3])
                                                      0.114     7.438 r  output_array_reg[8]_i_1/CO[3]
                         net (fo=1, routed)           0.000     7.438    output_array_reg[8]_i_1_n_0
    SLICE_X1Y23          CARRY4 (Prop_carry4_CI_O[2])
                                                      0.239     7.677 r  output_array_reg[12]_i_1/O[2]
                         net (fo=1, routed)           0.000     7.677    output_array_reg[12]_i_1_n_5
    SLICE_X1Y23          FDCE                                         r  output_array_reg[14]/D
  -------------------------------------------------------------------    -------------------

                         (clock sys_clk_pin rise edge)
                                                      0.000     0.000 r  
    W5                                                0.000     0.000 r  clk (IN)
                         net (fo=0)                   0.000     0.000    clk
    W5                   IBUF (Prop_ibuf_I_O)         1.388     1.388 r  clk_IBUF_inst/O
                         net (fo=1, routed)           1.862     3.250    clk_IBUF
    BUFGCTRL_X0Y0        BUFG (Prop_bufg_I_O)         0.091     3.341 r  clk_IBUF_BUFG_inst/O
                         net (fo=19, routed)          1.504     4.845    clk_IBUF_BUFG
    SLICE_X1Y23          FDCE                                         r  output_array_reg[14]/C

Slack:                    inf
  Source:                 b[6]
                            (input port)
  Destination:            output_array_reg[12]/D
                            (rising edge-triggered cell FDCE clocked by sys_clk_pin  {rise@0.000ns fall@5.000ns period=10.000ns})
  Path Group:             (none)
  Path Type:              Setup (Max at Slow Process Corner)
  Data Path Delay:        7.661ns  (logic 2.590ns (33.811%)  route 5.071ns (66.189%))
  Logic Levels:           6  (CARRY4=3 IBUF=1 LUT6=2)
  Clock Path Skew:        4.845ns (DCD - SCD + CPR)
    Destination Clock Delay (DCD):    4.845ns
    Source Clock Delay      (SCD):    0.000ns
    Clock Pessimism Removal (CPR):    0.000ns
  Clock Uncertainty:      0.025ns  ((TSJ^2 + TIJ^2)^1/2 + DJ) / 2 + PE
    Total System Jitter     (TSJ):    0.050ns
    Total Input Jitter      (TIJ):    0.000ns
    Discrete Jitter          (DJ):    0.000ns
    Phase Error              (PE):    0.000ns

    Location             Delay type                Incr(ns)  Path(ns)    Netlist Resource(s)
  -------------------------------------------------------------------    -------------------
    T1                                                0.000     0.000 r  b[6] (IN)
                         net (fo=0)                   0.000     0.000    b[6]
    T1                   IBUF (Prop_ibuf_I_O)         1.455     1.455 r  b_IBUF[6]_inst/O
                         net (fo=1, routed)           3.203     4.658    b_IBUF[6]
    SLICE_X28Y25         LUT6 (Prop_lut6_I1_O)        0.124     4.782 r  output_array[4]_i_6/O
                         net (fo=11, routed)          1.868     6.650    output_array[4]_i_6_n_0
    SLICE_X1Y21          LUT6 (Prop_lut6_I0_O)        0.124     6.774 r  output_array[4]_i_4/O
                         net (fo=1, routed)           0.000     6.774    output_array[4]_i_4_n_0
    SLICE_X1Y21          CARRY4 (Prop_carry4_S[1]_CO[3])
                                                      0.550     7.324 r  output_array_reg[4]_i_1/CO[3]
                         net (fo=1, routed)           0.000     7.324    output_array_reg[4]_i_1_n_0
    SLICE_X1Y22          CARRY4 (Prop_carry4_CI_CO[3])
                                                      0.114     7.438 r  output_array_reg[8]_i_1/CO[3]
                         net (fo=1, routed)           0.000     7.438    output_array_reg[8]_i_1_n_0
    SLICE_X1Y23          CARRY4 (Prop_carry4_CI_O[0])
                                                      0.223     7.661 r  output_array_reg[12]_i_1/O[0]
                         net (fo=1, routed)           0.000     7.661    output_array_reg[12]_i_1_n_7
    SLICE_X1Y23          FDCE                                         r  output_array_reg[12]/D
  -------------------------------------------------------------------    -------------------

                         (clock sys_clk_pin rise edge)
                                                      0.000     0.000 r  
    W5                                                0.000     0.000 r  clk (IN)
                         net (fo=0)                   0.000     0.000    clk
    W5                   IBUF (Prop_ibuf_I_O)         1.388     1.388 r  clk_IBUF_inst/O
                         net (fo=1, routed)           1.862     3.250    clk_IBUF
    BUFGCTRL_X0Y0        BUFG (Prop_bufg_I_O)         0.091     3.341 r  clk_IBUF_BUFG_inst/O
                         net (fo=19, routed)          1.504     4.845    clk_IBUF_BUFG
    SLICE_X1Y23          FDCE                                         r  output_array_reg[12]/C

Slack:                    inf
  Source:                 b[6]
                            (input port)
  Destination:            output_array_reg[9]/D
                            (rising edge-triggered cell FDCE clocked by sys_clk_pin  {rise@0.000ns fall@5.000ns period=10.000ns})
  Path Group:             (none)
  Path Type:              Setup (Max at Slow Process Corner)
  Data Path Delay:        7.658ns  (logic 2.587ns (33.785%)  route 5.071ns (66.215%))
  Logic Levels:           5  (CARRY4=2 IBUF=1 LUT6=2)
  Clock Path Skew:        4.846ns (DCD - SCD + CPR)
    Destination Clock Delay (DCD):    4.846ns
    Source Clock Delay      (SCD):    0.000ns
    Clock Pessimism Removal (CPR):    0.000ns
  Clock Uncertainty:      0.025ns  ((TSJ^2 + TIJ^2)^1/2 + DJ) / 2 + PE
    Total System Jitter     (TSJ):    0.050ns
    Total Input Jitter      (TIJ):    0.000ns
    Discrete Jitter          (DJ):    0.000ns
    Phase Error              (PE):    0.000ns

    Location             Delay type                Incr(ns)  Path(ns)    Netlist Resource(s)
  -------------------------------------------------------------------    -------------------
    T1                                                0.000     0.000 r  b[6] (IN)
                         net (fo=0)                   0.000     0.000    b[6]
    T1                   IBUF (Prop_ibuf_I_O)         1.455     1.455 r  b_IBUF[6]_inst/O
                         net (fo=1, routed)           3.203     4.658    b_IBUF[6]
    SLICE_X28Y25         LUT6 (Prop_lut6_I1_O)        0.124     4.782 r  output_array[4]_i_6/O
                         net (fo=11, routed)          1.868     6.650    output_array[4]_i_6_n_0
    SLICE_X1Y21          LUT6 (Prop_lut6_I0_O)        0.124     6.774 r  output_array[4]_i_4/O
                         net (fo=1, routed)           0.000     6.774    output_array[4]_i_4_n_0
    SLICE_X1Y21          CARRY4 (Prop_carry4_S[1]_CO[3])
                                                      0.550     7.324 r  output_array_reg[4]_i_1/CO[3]
                         net (fo=1, routed)           0.000     7.324    output_array_reg[4]_i_1_n_0
    SLICE_X1Y22          CARRY4 (Prop_carry4_CI_O[1])
                                                      0.334     7.658 r  output_array_reg[8]_i_1/O[1]
                         net (fo=1, routed)           0.000     7.658    output_array_reg[8]_i_1_n_6
    SLICE_X1Y22          FDCE                                         r  output_array_reg[9]/D
  -------------------------------------------------------------------    -------------------

                         (clock sys_clk_pin rise edge)
                                                      0.000     0.000 r  
    W5                                                0.000     0.000 r  clk (IN)
                         net (fo=0)                   0.000     0.000    clk
    W5                   IBUF (Prop_ibuf_I_O)         1.388     1.388 r  clk_IBUF_inst/O
                         net (fo=1, routed)           1.862     3.250    clk_IBUF
    BUFGCTRL_X0Y0        BUFG (Prop_bufg_I_O)         0.091     3.341 r  clk_IBUF_BUFG_inst/O
                         net (fo=19, routed)          1.505     4.846    clk_IBUF_BUFG
    SLICE_X1Y22          FDCE                                         r  output_array_reg[9]/C

Slack:                    inf
  Source:                 b[6]
                            (input port)
  Destination:            output_array_reg[11]/D
                            (rising edge-triggered cell FDCE clocked by sys_clk_pin  {rise@0.000ns fall@5.000ns period=10.000ns})
  Path Group:             (none)
  Path Type:              Setup (Max at Slow Process Corner)
  Data Path Delay:        7.637ns  (logic 2.566ns (33.603%)  route 5.071ns (66.397%))
  Logic Levels:           5  (CARRY4=2 IBUF=1 LUT6=2)
  Clock Path Skew:        4.846ns (DCD - SCD + CPR)
    Destination Clock Delay (DCD):    4.846ns
    Source Clock Delay      (SCD):    0.000ns
    Clock Pessimism Removal (CPR):    0.000ns
  Clock Uncertainty:      0.025ns  ((TSJ^2 + TIJ^2)^1/2 + DJ) / 2 + PE
    Total System Jitter     (TSJ):    0.050ns
    Total Input Jitter      (TIJ):    0.000ns
    Discrete Jitter          (DJ):    0.000ns
    Phase Error              (PE):    0.000ns

    Location             Delay type                Incr(ns)  Path(ns)    Netlist Resource(s)
  -------------------------------------------------------------------    -------------------
    T1                                                0.000     0.000 r  b[6] (IN)
                         net (fo=0)                   0.000     0.000    b[6]
    T1                   IBUF (Prop_ibuf_I_O)         1.455     1.455 r  b_IBUF[6]_inst/O
                         net (fo=1, routed)           3.203     4.658    b_IBUF[6]
    SLICE_X28Y25         LUT6 (Prop_lut6_I1_O)        0.124     4.782 r  output_array[4]_i_6/O
                         net (fo=11, routed)          1.868     6.650    output_array[4]_i_6_n_0
    SLICE_X1Y21          LUT6 (Prop_lut6_I0_O)        0.124     6.774 r  output_array[4]_i_4/O
                         net (fo=1, routed)           0.000     6.774    output_array[4]_i_4_n_0
    SLICE_X1Y21          CARRY4 (Prop_carry4_S[1]_CO[3])
                                                      0.550     7.324 r  output_array_reg[4]_i_1/CO[3]
                         net (fo=1, routed)           0.000     7.324    output_array_reg[4]_i_1_n_0
    SLICE_X1Y22          CARRY4 (Prop_carry4_CI_O[3])
                                                      0.313     7.637 r  output_array_reg[8]_i_1/O[3]
                         net (fo=1, routed)           0.000     7.637    output_array_reg[8]_i_1_n_4
    SLICE_X1Y22          FDCE                                         r  output_array_reg[11]/D
  -------------------------------------------------------------------    -------------------

                         (clock sys_clk_pin rise edge)
                                                      0.000     0.000 r  
    W5                                                0.000     0.000 r  clk (IN)
                         net (fo=0)                   0.000     0.000    clk
    W5                   IBUF (Prop_ibuf_I_O)         1.388     1.388 r  clk_IBUF_inst/O
                         net (fo=1, routed)           1.862     3.250    clk_IBUF
    BUFGCTRL_X0Y0        BUFG (Prop_bufg_I_O)         0.091     3.341 r  clk_IBUF_BUFG_inst/O
                         net (fo=19, routed)          1.505     4.846    clk_IBUF_BUFG
    SLICE_X1Y22          FDCE                                         r  output_array_reg[11]/C

Slack:                    inf
  Source:                 b[6]
                            (input port)
  Destination:            output_array_reg[10]/D
                            (rising edge-triggered cell FDCE clocked by sys_clk_pin  {rise@0.000ns fall@5.000ns period=10.000ns})
  Path Group:             (none)
  Path Type:              Setup (Max at Slow Process Corner)
  Data Path Delay:        7.563ns  (logic 2.492ns (32.953%)  route 5.071ns (67.047%))
  Logic Levels:           5  (CARRY4=2 IBUF=1 LUT6=2)
  Clock Path Skew:        4.846ns (DCD - SCD + CPR)
    Destination Clock Delay (DCD):    4.846ns
    Source Clock Delay      (SCD):    0.000ns
    Clock Pessimism Removal (CPR):    0.000ns
  Clock Uncertainty:      0.025ns  ((TSJ^2 + TIJ^2)^1/2 + DJ) / 2 + PE
    Total System Jitter     (TSJ):    0.050ns
    Total Input Jitter      (TIJ):    0.000ns
    Discrete Jitter          (DJ):    0.000ns
    Phase Error              (PE):    0.000ns

    Location             Delay type                Incr(ns)  Path(ns)    Netlist Resource(s)
  -------------------------------------------------------------------    -------------------
    T1                                                0.000     0.000 r  b[6] (IN)
                         net (fo=0)                   0.000     0.000    b[6]
    T1                   IBUF (Prop_ibuf_I_O)         1.455     1.455 r  b_IBUF[6]_inst/O
                         net (fo=1, routed)           3.203     4.658    b_IBUF[6]
    SLICE_X28Y25         LUT6 (Prop_lut6_I1_O)        0.124     4.782 r  output_array[4]_i_6/O
                         net (fo=11, routed)          1.868     6.650    output_array[4]_i_6_n_0
    SLICE_X1Y21          LUT6 (Prop_lut6_I0_O)        0.124     6.774 r  output_array[4]_i_4/O
                         net (fo=1, routed)           0.000     6.774    output_array[4]_i_4_n_0
    SLICE_X1Y21          CARRY4 (Prop_carry4_S[1]_CO[3])
                                                      0.550     7.324 r  output_array_reg[4]_i_1/CO[3]
                         net (fo=1, routed)           0.000     7.324    output_array_reg[4]_i_1_n_0
    SLICE_X1Y22          CARRY4 (Prop_carry4_CI_O[2])
                                                      0.239     7.563 r  output_array_reg[8]_i_1/O[2]
                         net (fo=1, routed)           0.000     7.563    output_array_reg[8]_i_1_n_5
    SLICE_X1Y22          FDCE                                         r  output_array_reg[10]/D
  -------------------------------------------------------------------    -------------------

                         (clock sys_clk_pin rise edge)
                                                      0.000     0.000 r  
    W5                                                0.000     0.000 r  clk (IN)
                         net (fo=0)                   0.000     0.000    clk
    W5                   IBUF (Prop_ibuf_I_O)         1.388     1.388 r  clk_IBUF_inst/O
                         net (fo=1, routed)           1.862     3.250    clk_IBUF
    BUFGCTRL_X0Y0        BUFG (Prop_bufg_I_O)         0.091     3.341 r  clk_IBUF_BUFG_inst/O
                         net (fo=19, routed)          1.505     4.846    clk_IBUF_BUFG
    SLICE_X1Y22          FDCE                                         r  output_array_reg[10]/C

Slack:                    inf
  Source:                 b[6]
                            (input port)
  Destination:            output_array_reg[8]/D
                            (rising edge-triggered cell FDCE clocked by sys_clk_pin  {rise@0.000ns fall@5.000ns period=10.000ns})
  Path Group:             (none)
  Path Type:              Setup (Max at Slow Process Corner)
  Data Path Delay:        7.547ns  (logic 2.476ns (32.811%)  route 5.071ns (67.189%))
  Logic Levels:           5  (CARRY4=2 IBUF=1 LUT6=2)
  Clock Path Skew:        4.846ns (DCD - SCD + CPR)
    Destination Clock Delay (DCD):    4.846ns
    Source Clock Delay      (SCD):    0.000ns
    Clock Pessimism Removal (CPR):    0.000ns
  Clock Uncertainty:      0.025ns  ((TSJ^2 + TIJ^2)^1/2 + DJ) / 2 + PE
    Total System Jitter     (TSJ):    0.050ns
    Total Input Jitter      (TIJ):    0.000ns
    Discrete Jitter          (DJ):    0.000ns
    Phase Error              (PE):    0.000ns

    Location             Delay type                Incr(ns)  Path(ns)    Netlist Resource(s)
  -------------------------------------------------------------------    -------------------
    T1                                                0.000     0.000 r  b[6] (IN)
                         net (fo=0)                   0.000     0.000    b[6]
    T1                   IBUF (Prop_ibuf_I_O)         1.455     1.455 r  b_IBUF[6]_inst/O
                         net (fo=1, routed)           3.203     4.658    b_IBUF[6]
    SLICE_X28Y25         LUT6 (Prop_lut6_I1_O)        0.124     4.782 r  output_array[4]_i_6/O
                         net (fo=11, routed)          1.868     6.650    output_array[4]_i_6_n_0
    SLICE_X1Y21          LUT6 (Prop_lut6_I0_O)        0.124     6.774 r  output_array[4]_i_4/O
                         net (fo=1, routed)           0.000     6.774    output_array[4]_i_4_n_0
    SLICE_X1Y21          CARRY4 (Prop_carry4_S[1]_CO[3])
                                                      0.550     7.324 r  output_array_reg[4]_i_1/CO[3]
                         net (fo=1, routed)           0.000     7.324    output_array_reg[4]_i_1_n_0
    SLICE_X1Y22          CARRY4 (Prop_carry4_CI_O[0])
                                                      0.223     7.547 r  output_array_reg[8]_i_1/O[0]
                         net (fo=1, routed)           0.000     7.547    output_array_reg[8]_i_1_n_7
    SLICE_X1Y22          FDCE                                         r  output_array_reg[8]/D
  -------------------------------------------------------------------    -------------------

                         (clock sys_clk_pin rise edge)
                                                      0.000     0.000 r  
    W5                                                0.000     0.000 r  clk (IN)
                         net (fo=0)                   0.000     0.000    clk
    W5                   IBUF (Prop_ibuf_I_O)         1.388     1.388 r  clk_IBUF_inst/O
                         net (fo=1, routed)           1.862     3.250    clk_IBUF
    BUFGCTRL_X0Y0        BUFG (Prop_bufg_I_O)         0.091     3.341 r  clk_IBUF_BUFG_inst/O
                         net (fo=19, routed)          1.505     4.846    clk_IBUF_BUFG
    SLICE_X1Y22          FDCE                                         r  output_array_reg[8]/C

Slack:                    inf
  Source:                 b[6]
                            (input port)
  Destination:            output_array_reg[7]/D
                            (rising edge-triggered cell FDCE clocked by sys_clk_pin  {rise@0.000ns fall@5.000ns period=10.000ns})
  Path Group:             (none)
  Path Type:              Setup (Max at Slow Process Corner)
  Data Path Delay:        7.414ns  (logic 2.343ns (31.606%)  route 5.071ns (68.394%))
  Logic Levels:           4  (CARRY4=1 IBUF=1 LUT6=2)
  Clock Path Skew:        4.848ns (DCD - SCD + CPR)
    Destination Clock Delay (DCD):    4.848ns
    Source Clock Delay      (SCD):    0.000ns
    Clock Pessimism Removal (CPR):    0.000ns
  Clock Uncertainty:      0.025ns  ((TSJ^2 + TIJ^2)^1/2 + DJ) / 2 + PE
    Total System Jitter     (TSJ):    0.050ns
    Total Input Jitter      (TIJ):    0.000ns
    Discrete Jitter          (DJ):    0.000ns
    Phase Error              (PE):    0.000ns

    Location             Delay type                Incr(ns)  Path(ns)    Netlist Resource(s)
  -------------------------------------------------------------------    -------------------
    T1                                                0.000     0.000 r  b[6] (IN)
                         net (fo=0)                   0.000     0.000    b[6]
    T1                   IBUF (Prop_ibuf_I_O)         1.455     1.455 r  b_IBUF[6]_inst/O
                         net (fo=1, routed)           3.203     4.658    b_IBUF[6]
    SLICE_X28Y25         LUT6 (Prop_lut6_I1_O)        0.124     4.782 r  output_array[4]_i_6/O
                         net (fo=11, routed)          1.868     6.650    output_array[4]_i_6_n_0
    SLICE_X1Y21          LUT6 (Prop_lut6_I0_O)        0.124     6.774 r  output_array[4]_i_4/O
                         net (fo=1, routed)           0.000     6.774    output_array[4]_i_4_n_0
    SLICE_X1Y21          CARRY4 (Prop_carry4_S[1]_O[3])
                                                      0.640     7.414 r  output_array_reg[4]_i_1/O[3]
                         net (fo=1, routed)           0.000     7.414    output_array_reg[4]_i_1_n_4
    SLICE_X1Y21          FDCE                                         r  output_array_reg[7]/D
  -------------------------------------------------------------------    -------------------

                         (clock sys_clk_pin rise edge)
                                                      0.000     0.000 r  
    W5                                                0.000     0.000 r  clk (IN)
                         net (fo=0)                   0.000     0.000    clk
    W5                   IBUF (Prop_ibuf_I_O)         1.388     1.388 r  clk_IBUF_inst/O
                         net (fo=1, routed)           1.862     3.250    clk_IBUF
    BUFGCTRL_X0Y0        BUFG (Prop_bufg_I_O)         0.091     3.341 r  clk_IBUF_BUFG_inst/O
                         net (fo=19, routed)          1.507     4.848    clk_IBUF_BUFG
    SLICE_X1Y21          FDCE                                         r  output_array_reg[7]/C

Slack:                    inf
  Source:                 b[2]
                            (input port)
  Destination:            output_array_reg[5]/D
                            (rising edge-triggered cell FDCE clocked by sys_clk_pin  {rise@0.000ns fall@5.000ns period=10.000ns})
  Path Group:             (none)
  Path Type:              Setup (Max at Slow Process Corner)
  Data Path Delay:        7.359ns  (logic 2.572ns (34.950%)  route 4.787ns (65.050%))
  Logic Levels:           5  (CARRY4=2 IBUF=1 LUT4=1 LUT6=1)
  Clock Path Skew:        4.848ns (DCD - SCD + CPR)
    Destination Clock Delay (DCD):    4.848ns
    Source Clock Delay      (SCD):    0.000ns
    Clock Pessimism Removal (CPR):    0.000ns
  Clock Uncertainty:      0.025ns  ((TSJ^2 + TIJ^2)^1/2 + DJ) / 2 + PE
    Total System Jitter     (TSJ):    0.050ns
    Total Input Jitter      (TIJ):    0.000ns
    Discrete Jitter          (DJ):    0.000ns
    Phase Error              (PE):    0.000ns

    Location             Delay type                Incr(ns)  Path(ns)    Netlist Resource(s)
  -------------------------------------------------------------------    -------------------
    T2                                                0.000     0.000 r  b[2] (IN)
                         net (fo=0)                   0.000     0.000    b[2]
    T2                   IBUF (Prop_ibuf_I_O)         1.458     1.458 r  b_IBUF[2]_inst/O
                         net (fo=1, routed)           3.034     4.492    b_IBUF[2]
    SLICE_X32Y29         LUT6 (Prop_lut6_I1_O)        0.124     4.616 r  output_array[0]_i_6/O
                         net (fo=11, routed)          1.753     6.369    output_array[0]_i_6_n_0
    SLICE_X1Y20          LUT4 (Prop_lut4_I1_O)        0.124     6.493 r  output_array[0]_i_5/O
                         net (fo=1, routed)           0.000     6.493    output_array[0]_i_5_n_0
    SLICE_X1Y20          CARRY4 (Prop_carry4_S[0]_CO[3])
                                                      0.532     7.025 r  output_array_reg[0]_i_1/CO[3]
                         net (fo=1, routed)           0.000     7.025    output_array_reg[0]_i_1_n_0
    SLICE_X1Y21          CARRY4 (Prop_carry4_CI_O[1])
                                                      0.334     7.359 r  output_array_reg[4]_i_1/O[1]
                         net (fo=1, routed)           0.000     7.359    output_array_reg[4]_i_1_n_6
    SLICE_X1Y21          FDCE                                         r  output_array_reg[5]/D
  -------------------------------------------------------------------    -------------------

                         (clock sys_clk_pin rise edge)
                                                      0.000     0.000 r  
    W5                                                0.000     0.000 r  clk (IN)
                         net (fo=0)                   0.000     0.000    clk
    W5                   IBUF (Prop_ibuf_I_O)         1.388     1.388 r  clk_IBUF_inst/O
                         net (fo=1, routed)           1.862     3.250    clk_IBUF
    BUFGCTRL_X0Y0        BUFG (Prop_bufg_I_O)         0.091     3.341 r  clk_IBUF_BUFG_inst/O
                         net (fo=19, routed)          1.507     4.848    clk_IBUF_BUFG
    SLICE_X1Y21          FDCE                                         r  output_array_reg[5]/C





Min Delay Paths
--------------------------------------------------------------------------------------
Slack:                    inf
  Source:                 a[0]
                            (input port)
  Destination:            output_array_reg[5]/D
                            (rising edge-triggered cell FDCE clocked by sys_clk_pin  {rise@0.000ns fall@5.000ns period=10.000ns})
  Path Group:             (none)
  Path Type:              Hold (Min at Fast Process Corner)
  Data Path Delay:        1.035ns  (logic 0.376ns (36.320%)  route 0.659ns (63.680%))
  Logic Levels:           4  (CARRY4=1 IBUF=1 LUT4=1 LUT6=1)
  Clock Path Skew:        1.981ns (DCD - SCD - CPR)
    Destination Clock Delay (DCD):    1.981ns
    Source Clock Delay      (SCD):    0.000ns
    Clock Pessimism Removal (CPR):    -0.000ns

    Location             Delay type                Incr(ns)  Path(ns)    Netlist Resource(s)
  -------------------------------------------------------------------    -------------------
    V17                                               0.000     0.000 r  a[0] (IN)
                         net (fo=0)                   0.000     0.000    a[0]
    V17                  IBUF (Prop_ibuf_I_O)         0.221     0.221 r  a_IBUF[0]_inst/O
                         net (fo=4, routed)           0.511     0.732    a_IBUF[0]
    SLICE_X0Y20          LUT4 (Prop_lut4_I2_O)        0.045     0.777 r  output_array[0]_i_9/O
                         net (fo=2, routed)           0.149     0.925    output_array[0]_i_9_n_0
    SLICE_X1Y21          LUT6 (Prop_lut6_I3_O)        0.045     0.970 r  output_array[4]_i_4/O
                         net (fo=1, routed)           0.000     0.970    output_array[4]_i_4_n_0
    SLICE_X1Y21          CARRY4 (Prop_carry4_S[1]_O[1])
                                                      0.065     1.035 r  output_array_reg[4]_i_1/O[1]
                         net (fo=1, routed)           0.000     1.035    output_array_reg[4]_i_1_n_6
    SLICE_X1Y21          FDCE                                         r  output_array_reg[5]/D
  -------------------------------------------------------------------    -------------------

                         (clock sys_clk_pin rise edge)
                                                      0.000     0.000 r  
    W5                                                0.000     0.000 r  clk (IN)
                         net (fo=0)                   0.000     0.000    clk
    W5                   IBUF (Prop_ibuf_I_O)         0.414     0.414 r  clk_IBUF_inst/O
                         net (fo=1, routed)           0.685     1.099    clk_IBUF
    BUFGCTRL_X0Y0        BUFG (Prop_bufg_I_O)         0.029     1.128 r  clk_IBUF_BUFG_inst/O
                         net (fo=19, routed)          0.854     1.981    clk_IBUF_BUFG
    SLICE_X1Y21          FDCE                                         r  output_array_reg[5]/C

Slack:                    inf
  Source:                 a[7]
                            (input port)
  Destination:            output_array_reg[10]/D
                            (rising edge-triggered cell FDCE clocked by sys_clk_pin  {rise@0.000ns fall@5.000ns period=10.000ns})
  Path Group:             (none)
  Path Type:              Hold (Min at Fast Process Corner)
  Data Path Delay:        1.054ns  (logic 0.383ns (36.335%)  route 0.671ns (63.665%))
  Logic Levels:           4  (CARRY4=1 IBUF=1 LUT3=1 LUT6=1)
  Clock Path Skew:        1.980ns (DCD - SCD - CPR)
    Destination Clock Delay (DCD):    1.980ns
    Source Clock Delay      (SCD):    0.000ns
    Clock Pessimism Removal (CPR):    -0.000ns

    Location             Delay type                Incr(ns)  Path(ns)    Netlist Resource(s)
  -------------------------------------------------------------------    -------------------
    W13                                               0.000     0.000 r  a[7] (IN)
                         net (fo=0)                   0.000     0.000    a[7]
    W13                  IBUF (Prop_ibuf_I_O)         0.227     0.227 r  a_IBUF[7]_inst/O
                         net (fo=4, routed)           0.552     0.779    a_IBUF[7]
    SLICE_X0Y20          LUT3 (Prop_lut3_I1_O)        0.045     0.824 r  output_array[8]_i_6/O
                         net (fo=2, routed)           0.119     0.943    output_array[8]_i_6_n_0
    SLICE_X1Y22          LUT6 (Prop_lut6_I4_O)        0.045     0.988 r  output_array[8]_i_3/O
                         net (fo=1, routed)           0.000     0.988    output_array[8]_i_3_n_0
    SLICE_X1Y22          CARRY4 (Prop_carry4_S[2]_O[2])
                                                      0.066     1.054 r  output_array_reg[8]_i_1/O[2]
                         net (fo=1, routed)           0.000     1.054    output_array_reg[8]_i_1_n_5
    SLICE_X1Y22          FDCE                                         r  output_array_reg[10]/D
  -------------------------------------------------------------------    -------------------

                         (clock sys_clk_pin rise edge)
                                                      0.000     0.000 r  
    W5                                                0.000     0.000 r  clk (IN)
                         net (fo=0)                   0.000     0.000    clk
    W5                   IBUF (Prop_ibuf_I_O)         0.414     0.414 r  clk_IBUF_inst/O
                         net (fo=1, routed)           0.685     1.099    clk_IBUF
    BUFGCTRL_X0Y0        BUFG (Prop_bufg_I_O)         0.029     1.128 r  clk_IBUF_BUFG_inst/O
                         net (fo=19, routed)          0.853     1.980    clk_IBUF_BUFG
    SLICE_X1Y22          FDCE                                         r  output_array_reg[10]/C

Slack:                    inf
  Source:                 a[0]
                            (input port)
  Destination:            output_array_reg[1]/D
                            (rising edge-triggered cell FDCE clocked by sys_clk_pin  {rise@0.000ns fall@5.000ns period=10.000ns})
  Path Group:             (none)
  Path Type:              Hold (Min at Fast Process Corner)
  Data Path Delay:        1.055ns  (logic 0.376ns (35.633%)  route 0.679ns (64.367%))
  Logic Levels:           4  (CARRY4=1 IBUF=1 LUT4=2)
  Clock Path Skew:        1.982ns (DCD - SCD - CPR)
    Destination Clock Delay (DCD):    1.982ns
    Source Clock Delay      (SCD):    0.000ns
    Clock Pessimism Removal (CPR):    -0.000ns

    Location             Delay type                Incr(ns)  Path(ns)    Netlist Resource(s)
  -------------------------------------------------------------------    -------------------
    V17                                               0.000     0.000 r  a[0] (IN)
                         net (fo=0)                   0.000     0.000    a[0]
    V17                  IBUF (Prop_ibuf_I_O)         0.221     0.221 r  a_IBUF[0]_inst/O
                         net (fo=4, routed)           0.511     0.732    a_IBUF[0]
    SLICE_X0Y20          LUT4 (Prop_lut4_I2_O)        0.045     0.777 r  output_array[0]_i_9/O
                         net (fo=2, routed)           0.169     0.945    output_array[0]_i_9_n_0
    SLICE_X1Y20          LUT4 (Prop_lut4_I2_O)        0.045     0.990 r  output_array[0]_i_4/O
                         net (fo=1, routed)           0.000     0.990    output_array[0]_i_4_n_0
    SLICE_X1Y20          CARRY4 (Prop_carry4_S[1]_O[1])
                                                      0.065     1.055 r  output_array_reg[0]_i_1/O[1]
                         net (fo=1, routed)           0.000     1.055    output_array_reg[0]_i_1_n_6
    SLICE_X1Y20          FDCE                                         r  output_array_reg[1]/D
  -------------------------------------------------------------------    -------------------

                         (clock sys_clk_pin rise edge)
                                                      0.000     0.000 r  
    W5                                                0.000     0.000 r  clk (IN)
                         net (fo=0)                   0.000     0.000    clk
    W5                   IBUF (Prop_ibuf_I_O)         0.414     0.414 r  clk_IBUF_inst/O
                         net (fo=1, routed)           0.685     1.099    clk_IBUF
    BUFGCTRL_X0Y0        BUFG (Prop_bufg_I_O)         0.029     1.128 r  clk_IBUF_BUFG_inst/O
                         net (fo=19, routed)          0.855     1.982    clk_IBUF_BUFG
    SLICE_X1Y20          FDCE                                         r  output_array_reg[1]/C

Slack:                    inf
  Source:                 a[7]
                            (input port)
  Destination:            output_array_reg[11]/D
                            (rising edge-triggered cell FDCE clocked by sys_clk_pin  {rise@0.000ns fall@5.000ns period=10.000ns})
  Path Group:             (none)
  Path Type:              Hold (Min at Fast Process Corner)
  Data Path Delay:        1.087ns  (logic 0.416ns (38.268%)  route 0.671ns (61.732%))
  Logic Levels:           4  (CARRY4=1 IBUF=1 LUT3=1 LUT6=1)
  Clock Path Skew:        1.980ns (DCD - SCD - CPR)
    Destination Clock Delay (DCD):    1.980ns
    Source Clock Delay      (SCD):    0.000ns
    Clock Pessimism Removal (CPR):    -0.000ns

    Location             Delay type                Incr(ns)  Path(ns)    Netlist Resource(s)
  -------------------------------------------------------------------    -------------------
    W13                                               0.000     0.000 r  a[7] (IN)
                         net (fo=0)                   0.000     0.000    a[7]
    W13                  IBUF (Prop_ibuf_I_O)         0.227     0.227 r  a_IBUF[7]_inst/O
                         net (fo=4, routed)           0.552     0.779    a_IBUF[7]
    SLICE_X0Y20          LUT3 (Prop_lut3_I1_O)        0.045     0.824 r  output_array[8]_i_6/O
                         net (fo=2, routed)           0.119     0.943    output_array[8]_i_6_n_0
    SLICE_X1Y22          LUT6 (Prop_lut6_I4_O)        0.045     0.988 r  output_array[8]_i_3/O
                         net (fo=1, routed)           0.000     0.988    output_array[8]_i_3_n_0
    SLICE_X1Y22          CARRY4 (Prop_carry4_S[2]_O[3])
                                                      0.099     1.087 r  output_array_reg[8]_i_1/O[3]
                         net (fo=1, routed)           0.000     1.087    output_array_reg[8]_i_1_n_4
    SLICE_X1Y22          FDCE                                         r  output_array_reg[11]/D
  -------------------------------------------------------------------    -------------------

                         (clock sys_clk_pin rise edge)
                                                      0.000     0.000 r  
    W5                                                0.000     0.000 r  clk (IN)
                         net (fo=0)                   0.000     0.000    clk
    W5                   IBUF (Prop_ibuf_I_O)         0.414     0.414 r  clk_IBUF_inst/O
                         net (fo=1, routed)           0.685     1.099    clk_IBUF
    BUFGCTRL_X0Y0        BUFG (Prop_bufg_I_O)         0.029     1.128 r  clk_IBUF_BUFG_inst/O
                         net (fo=19, routed)          0.853     1.980    clk_IBUF_BUFG
    SLICE_X1Y22          FDCE                                         r  output_array_reg[11]/C

Slack:                    inf
  Source:                 a[7]
                            (input port)
  Destination:            output_array_reg[14]/D
                            (rising edge-triggered cell FDCE clocked by sys_clk_pin  {rise@0.000ns fall@5.000ns period=10.000ns})
  Path Group:             (none)
  Path Type:              Hold (Min at Fast Process Corner)
  Data Path Delay:        1.109ns  (logic 0.383ns (34.532%)  route 0.726ns (65.468%))
  Logic Levels:           4  (CARRY4=1 IBUF=1 LUT3=1 LUT4=1)
  Clock Path Skew:        1.978ns (DCD - SCD - CPR)
    Destination Clock Delay (DCD):    1.978ns
    Source Clock Delay      (SCD):    0.000ns
    Clock Pessimism Removal (CPR):    -0.000ns

    Location             Delay type                Incr(ns)  Path(ns)    Netlist Resource(s)
  -------------------------------------------------------------------    -------------------
    W13                                               0.000     0.000 r  a[7] (IN)
                         net (fo=0)                   0.000     0.000    a[7]
    W13                  IBUF (Prop_ibuf_I_O)         0.227     0.227 r  a_IBUF[7]_inst/O
                         net (fo=4, routed)           0.552     0.779    a_IBUF[7]
    SLICE_X0Y20          LUT3 (Prop_lut3_I1_O)        0.045     0.824 r  output_array[8]_i_6/O
                         net (fo=2, routed)           0.174     0.998    output_array[8]_i_6_n_0
    SLICE_X1Y23          LUT4 (Prop_lut4_I2_O)        0.045     1.043 r  output_array[12]_i_2/O
                         net (fo=1, routed)           0.000     1.043    output_array[12]_i_2_n_0
    SLICE_X1Y23          CARRY4 (Prop_carry4_S[2]_O[2])
                                                      0.066     1.109 r  output_array_reg[12]_i_1/O[2]
                         net (fo=1, routed)           0.000     1.109    output_array_reg[12]_i_1_n_5
    SLICE_X1Y23          FDCE                                         r  output_array_reg[14]/D
  -------------------------------------------------------------------    -------------------

                         (clock sys_clk_pin rise edge)
                                                      0.000     0.000 r  
    W5                                                0.000     0.000 r  clk (IN)
                         net (fo=0)                   0.000     0.000    clk
    W5                   IBUF (Prop_ibuf_I_O)         0.414     0.414 r  clk_IBUF_inst/O
                         net (fo=1, routed)           0.685     1.099    clk_IBUF
    BUFGCTRL_X0Y0        BUFG (Prop_bufg_I_O)         0.029     1.128 r  clk_IBUF_BUFG_inst/O
                         net (fo=19, routed)          0.851     1.978    clk_IBUF_BUFG
    SLICE_X1Y23          FDCE                                         r  output_array_reg[14]/C

Slack:                    inf
  Source:                 a[3]
                            (input port)
  Destination:            output_array_reg[6]/D
                            (rising edge-triggered cell FDCE clocked by sys_clk_pin  {rise@0.000ns fall@5.000ns period=10.000ns})
  Path Group:             (none)
  Path Type:              Hold (Min at Fast Process Corner)
  Data Path Delay:        1.121ns  (logic 0.373ns (33.245%)  route 0.748ns (66.755%))
  Logic Levels:           4  (CARRY4=1 IBUF=1 LUT6=2)
  Clock Path Skew:        1.981ns (DCD - SCD - CPR)
    Destination Clock Delay (DCD):    1.981ns
    Source Clock Delay      (SCD):    0.000ns
    Clock Pessimism Removal (CPR):    -0.000ns

    Location             Delay type                Incr(ns)  Path(ns)    Netlist Resource(s)
  -------------------------------------------------------------------    -------------------
    W17                                               0.000     0.000 r  a[3] (IN)
                         net (fo=0)                   0.000     0.000    a[3]
    W17                  IBUF (Prop_ibuf_I_O)         0.217     0.217 r  a_IBUF[3]_inst/O
                         net (fo=4, routed)           0.626     0.843    a_IBUF[3]
    SLICE_X0Y21          LUT6 (Prop_lut6_I0_O)        0.045     0.888 r  output_array[4]_i_8/O
                         net (fo=2, routed)           0.122     1.010    output_array[4]_i_8_n_0
    SLICE_X1Y21          LUT6 (Prop_lut6_I4_O)        0.045     1.055 r  output_array[4]_i_3/O
                         net (fo=1, routed)           0.000     1.055    output_array[4]_i_3_n_0
    SLICE_X1Y21          CARRY4 (Prop_carry4_S[2]_O[2])
                                                      0.066     1.121 r  output_array_reg[4]_i_1/O[2]
                         net (fo=1, routed)           0.000     1.121    output_array_reg[4]_i_1_n_5
    SLICE_X1Y21          FDCE                                         r  output_array_reg[6]/D
  -------------------------------------------------------------------    -------------------

                         (clock sys_clk_pin rise edge)
                                                      0.000     0.000 r  
    W5                                                0.000     0.000 r  clk (IN)
                         net (fo=0)                   0.000     0.000    clk
    W5                   IBUF (Prop_ibuf_I_O)         0.414     0.414 r  clk_IBUF_inst/O
                         net (fo=1, routed)           0.685     1.099    clk_IBUF
    BUFGCTRL_X0Y0        BUFG (Prop_bufg_I_O)         0.029     1.128 r  clk_IBUF_BUFG_inst/O
                         net (fo=19, routed)          0.854     1.981    clk_IBUF_BUFG
    SLICE_X1Y21          FDCE                                         r  output_array_reg[6]/C

Slack:                    inf
  Source:                 a[2]
                            (input port)
  Destination:            output_array_reg[7]/D
                            (rising edge-triggered cell FDCE clocked by sys_clk_pin  {rise@0.000ns fall@5.000ns period=10.000ns})
  Path Group:             (none)
  Path Type:              Hold (Min at Fast Process Corner)
  Data Path Delay:        1.132ns  (logic 0.385ns (34.006%)  route 0.747ns (65.994%))
  Logic Levels:           4  (CARRY4=1 IBUF=1 LUT6=2)
  Clock Path Skew:        1.981ns (DCD - SCD - CPR)
    Destination Clock Delay (DCD):    1.981ns
    Source Clock Delay      (SCD):    0.000ns
    Clock Pessimism Removal (CPR):    -0.000ns

    Location             Delay type                Incr(ns)  Path(ns)    Netlist Resource(s)
  -------------------------------------------------------------------    -------------------
    W16                                               0.000     0.000 r  a[2] (IN)
                         net (fo=0)                   0.000     0.000    a[2]
    W16                  IBUF (Prop_ibuf_I_O)         0.232     0.232 r  a_IBUF[2]_inst/O
                         net (fo=4, routed)           0.539     0.771    a_IBUF[2]
    SLICE_X0Y20          LUT6 (Prop_lut6_I3_O)        0.045     0.816 r  output_array[0]_i_7/O
                         net (fo=2, routed)           0.208     1.024    output_array[0]_i_7_n_0
    SLICE_X1Y21          LUT6 (Prop_lut6_I3_O)        0.045     1.069 r  output_array[4]_i_2/O
                         net (fo=1, routed)           0.000     1.069    output_array[4]_i_2_n_0
    SLICE_X1Y21          CARRY4 (Prop_carry4_S[3]_O[3])
                                                      0.063     1.132 r  output_array_reg[4]_i_1/O[3]
                         net (fo=1, routed)           0.000     1.132    output_array_reg[4]_i_1_n_4
    SLICE_X1Y21          FDCE                                         r  output_array_reg[7]/D
  -------------------------------------------------------------------    -------------------

                         (clock sys_clk_pin rise edge)
                                                      0.000     0.000 r  
    W5                                                0.000     0.000 r  clk (IN)
                         net (fo=0)                   0.000     0.000    clk
    W5                   IBUF (Prop_ibuf_I_O)         0.414     0.414 r  clk_IBUF_inst/O
                         net (fo=1, routed)           0.685     1.099    clk_IBUF
    BUFGCTRL_X0Y0        BUFG (Prop_bufg_I_O)         0.029     1.128 r  clk_IBUF_BUFG_inst/O
                         net (fo=19, routed)          0.854     1.981    clk_IBUF_BUFG
    SLICE_X1Y21          FDCE                                         r  output_array_reg[7]/C

Slack:                    inf
  Source:                 a[7]
                            (input port)
  Destination:            output_array_reg[15]/D
                            (rising edge-triggered cell FDCE clocked by sys_clk_pin  {rise@0.000ns fall@5.000ns period=10.000ns})
  Path Group:             (none)
  Path Type:              Hold (Min at Fast Process Corner)
  Data Path Delay:        1.142ns  (logic 0.416ns (36.424%)  route 0.726ns (63.576%))
  Logic Levels:           4  (CARRY4=1 IBUF=1 LUT3=1 LUT4=1)
  Clock Path Skew:        1.978ns (DCD - SCD - CPR)
    Destination Clock Delay (DCD):    1.978ns
    Source Clock Delay      (SCD):    0.000ns
    Clock Pessimism Removal (CPR):    -0.000ns

    Location             Delay type                Incr(ns)  Path(ns)    Netlist Resource(s)
  -------------------------------------------------------------------    -------------------
    W13                                               0.000     0.000 r  a[7] (IN)
                         net (fo=0)                   0.000     0.000    a[7]
    W13                  IBUF (Prop_ibuf_I_O)         0.227     0.227 r  a_IBUF[7]_inst/O
                         net (fo=4, routed)           0.552     0.779    a_IBUF[7]
    SLICE_X0Y20          LUT3 (Prop_lut3_I1_O)        0.045     0.824 r  output_array[8]_i_6/O
                         net (fo=2, routed)           0.174     0.998    output_array[8]_i_6_n_0
    SLICE_X1Y23          LUT4 (Prop_lut4_I2_O)        0.045     1.043 r  output_array[12]_i_2/O
                         net (fo=1, routed)           0.000     1.043    output_array[12]_i_2_n_0
    SLICE_X1Y23          CARRY4 (Prop_carry4_S[2]_O[3])
                                                      0.099     1.142 r  output_array_reg[12]_i_1/O[3]
                         net (fo=1, routed)           0.000     1.142    output_array_reg[12]_i_1_n_4
    SLICE_X1Y23          FDCE                                         r  output_array_reg[15]/D
  -------------------------------------------------------------------    -------------------

                         (clock sys_clk_pin rise edge)
                                                      0.000     0.000 r  
    W5                                                0.000     0.000 r  clk (IN)
                         net (fo=0)                   0.000     0.000    clk
    W5                   IBUF (Prop_ibuf_I_O)         0.414     0.414 r  clk_IBUF_inst/O
                         net (fo=1, routed)           0.685     1.099    clk_IBUF
    BUFGCTRL_X0Y0        BUFG (Prop_bufg_I_O)         0.029     1.128 r  clk_IBUF_BUFG_inst/O
                         net (fo=19, routed)          0.851     1.978    clk_IBUF_BUFG
    SLICE_X1Y23          FDCE                                         r  output_array_reg[15]/C

Slack:                    inf
  Source:                 a[0]
                            (input port)
  Destination:            output_array_reg[2]/D
                            (rising edge-triggered cell FDCE clocked by sys_clk_pin  {rise@0.000ns fall@5.000ns period=10.000ns})
  Path Group:             (none)
  Path Type:              Hold (Min at Fast Process Corner)
  Data Path Delay:        1.142ns  (logic 0.463ns (40.536%)  route 0.679ns (59.464%))
  Logic Levels:           4  (CARRY4=1 IBUF=1 LUT4=2)
  Clock Path Skew:        1.982ns (DCD - SCD - CPR)
    Destination Clock Delay (DCD):    1.982ns
    Source Clock Delay      (SCD):    0.000ns
    Clock Pessimism Removal (CPR):    -0.000ns

    Location             Delay type                Incr(ns)  Path(ns)    Netlist Resource(s)
  -------------------------------------------------------------------    -------------------
    V17                                               0.000     0.000 r  a[0] (IN)
                         net (fo=0)                   0.000     0.000    a[0]
    V17                  IBUF (Prop_ibuf_I_O)         0.221     0.221 r  a_IBUF[0]_inst/O
                         net (fo=4, routed)           0.511     0.732    a_IBUF[0]
    SLICE_X0Y20          LUT4 (Prop_lut4_I2_O)        0.045     0.777 r  output_array[0]_i_9/O
                         net (fo=2, routed)           0.169     0.945    output_array[0]_i_9_n_0
    SLICE_X1Y20          LUT4 (Prop_lut4_I2_O)        0.045     0.990 r  output_array[0]_i_4/O
                         net (fo=1, routed)           0.000     0.990    output_array[0]_i_4_n_0
    SLICE_X1Y20          CARRY4 (Prop_carry4_S[1]_O[2])
                                                      0.152     1.142 r  output_array_reg[0]_i_1/O[2]
                         net (fo=1, routed)           0.000     1.142    output_array_reg[0]_i_1_n_5
    SLICE_X1Y20          FDCE                                         r  output_array_reg[2]/D
  -------------------------------------------------------------------    -------------------

                         (clock sys_clk_pin rise edge)
                                                      0.000     0.000 r  
    W5                                                0.000     0.000 r  clk (IN)
                         net (fo=0)                   0.000     0.000    clk
    W5                   IBUF (Prop_ibuf_I_O)         0.414     0.414 r  clk_IBUF_inst/O
                         net (fo=1, routed)           0.685     1.099    clk_IBUF
    BUFGCTRL_X0Y0        BUFG (Prop_bufg_I_O)         0.029     1.128 r  clk_IBUF_BUFG_inst/O
                         net (fo=19, routed)          0.855     1.982    clk_IBUF_BUFG
    SLICE_X1Y20          FDCE                                         r  output_array_reg[2]/C

Slack:                    inf
  Source:                 a[2]
                            (input port)
  Destination:            output_array_reg[3]/D
                            (rising edge-triggered cell FDCE clocked by sys_clk_pin  {rise@0.000ns fall@5.000ns period=10.000ns})
  Path Group:             (none)
  Path Type:              Hold (Min at Fast Process Corner)
  Data Path Delay:        1.156ns  (logic 0.385ns (33.281%)  route 0.771ns (66.719%))
  Logic Levels:           4  (CARRY4=1 IBUF=1 LUT4=1 LUT6=1)
  Clock Path Skew:        1.982ns (DCD - SCD - CPR)
    Destination Clock Delay (DCD):    1.982ns
    Source Clock Delay      (SCD):    0.000ns
    Clock Pessimism Removal (CPR):    -0.000ns

    Location             Delay type                Incr(ns)  Path(ns)    Netlist Resource(s)
  -------------------------------------------------------------------    -------------------
    W16                                               0.000     0.000 r  a[2] (IN)
                         net (fo=0)                   0.000     0.000    a[2]
    W16                  IBUF (Prop_ibuf_I_O)         0.232     0.232 r  a_IBUF[2]_inst/O
                         net (fo=4, routed)           0.539     0.771    a_IBUF[2]
    SLICE_X0Y20          LUT6 (Prop_lut6_I3_O)        0.045     0.816 r  output_array[0]_i_7/O
                         net (fo=2, routed)           0.233     1.048    output_array[0]_i_7_n_0
    SLICE_X1Y20          LUT4 (Prop_lut4_I2_O)        0.045     1.093 r  output_array[0]_i_2/O
                         net (fo=1, routed)           0.000     1.093    output_array[0]_i_2_n_0
    SLICE_X1Y20          CARRY4 (Prop_carry4_S[3]_O[3])
                                                      0.063     1.156 r  output_array_reg[0]_i_1/O[3]
                         net (fo=1, routed)           0.000     1.156    output_array_reg[0]_i_1_n_4
    SLICE_X1Y20          FDCE                                         r  output_array_reg[3]/D
  -------------------------------------------------------------------    -------------------

                         (clock sys_clk_pin rise edge)
                                                      0.000     0.000 r  
    W5                                                0.000     0.000 r  clk (IN)
                         net (fo=0)                   0.000     0.000    clk
    W5                   IBUF (Prop_ibuf_I_O)         0.414     0.414 r  clk_IBUF_inst/O
                         net (fo=1, routed)           0.685     1.099    clk_IBUF
    BUFGCTRL_X0Y0        BUFG (Prop_bufg_I_O)         0.029     1.128 r  clk_IBUF_BUFG_inst/O
                         net (fo=19, routed)          0.855     1.982    clk_IBUF_BUFG
    SLICE_X1Y20          FDCE                                         r  output_array_reg[3]/C





